,door_in,door_out,window_in,window_out,cvrmse
1,0.000277778,0.000277778,0.000277778,0.000277778,78.25061773
2,0.001018519,0.000277778,0.000277778,0.000277778,86.22882744
3,0.001759259,0.000277778,0.000277778,0.000277778,94.24476365
4,0.0025,0.000277778,0.000277778,0.000277778,102.2895574
5,0.003240741,0.000277778,0.000277778,0.000277778,110.356898
6,0.003981481,0.000277778,0.000277778,0.000277778,118.4421782
7,0.004722222,0.000277778,0.000277778,0.000277778,126.5419596
8,0.005462963,0.000277778,0.000277778,0.000277778,134.6536251
9,0.006203704,0.000277778,0.000277778,0.000277778,142.7751494
10,0.006944444,0.000277778,0.000277778,0.000277778,150.9049406
11,0.000277778,0.001018519,0.000277778,0.000277778,48.71860538
12,0.001018519,0.001018519,0.000277778,0.000277778,55.30545179
13,0.001759259,0.001018519,0.000277778,0.000277778,61.99566959
14,0.0025,0.001018519,0.000277778,0.000277778,68.75909148
15,0.003240741,0.001018519,0.000277778,0.000277778,75.57606656
16,0.003981481,0.001018519,0.000277778,0.000277778,82.43330987
17,0.004722222,0.001018519,0.000277778,0.000277778,89.32154766
18,0.005462963,0.001018519,0.000277778,0.000277778,96.23412462
19,0.006203704,0.001018519,0.000277778,0.000277778,103.1661484
20,0.006944444,0.001018519,0.000277778,0.000277778,110.1139463
21,0.000277778,0.001759259,0.000277778,0.000277778,28.09845126
22,0.001018519,0.001759259,0.000277778,0.000277778,32.99734782
23,0.001759259,0.001759259,0.000277778,0.000277778,38.25776768
24,0.0025,0.001759259,0.000277778,0.000277778,43.74949642
25,0.003240741,0.001759259,0.000277778,0.000277778,49.39544424
26,0.003981481,0.001759259,0.000277778,0.000277778,55.14826571
27,0.004722222,0.001759259,0.000277778,0.000277778,60.97771999
28,0.005462963,0.001759259,0.000277778,0.000277778,66.8637666
29,0.006203704,0.001759259,0.000277778,0.000277778,72.79267861
30,0.006944444,0.001759259,0.000277778,0.000277778,78.75477546
31,0.000277778,0.0025,0.000277778,0.000277778,18.32343717
32,0.001018519,0.0025,0.000277778,0.000277778,19.87329396
33,0.001759259,0.0025,0.000277778,0.000277778,22.64288868
34,0.0025,0.0025,0.000277778,0.000277778,26.24892637
35,0.003240741,0.0025,0.000277778,0.000277778,30.39514756
36,0.003981481,0.0025,0.000277778,0.000277778,34.8894968
37,0.004722222,0.0025,0.000277778,0.000277778,39.61366066
38,0.005462963,0.0025,0.000277778,0.000277778,44.49449817
39,0.006203704,0.0025,0.000277778,0.000277778,49.48567223
40,0.006944444,0.0025,0.000277778,0.000277778,54.55690861
41,0.000277778,0.003240741,0.000277778,0.000277778,21.49149902
42,0.001018519,0.003240741,0.000277778,0.000277778,19.25162948
43,0.001759259,0.003240741,0.000277778,0.000277778,18.04650477
44,0.0025,0.003240741,0.000277778,0.000277778,18.08418702
45,0.003240741,0.003240741,0.000277778,0.000277778,19.35741964
46,0.003981481,0.003240741,0.000277778,0.000277778,21.64929466
47,0.004722222,0.003240741,0.000277778,0.000277778,24.67761359
48,0.005462963,0.003240741,0.000277778,0.000277778,28.20616342
49,0.006203704,0.003240741,0.000277778,0.000277778,32.07025236
50,0.006944444,0.003240741,0.000277778,0.000277778,36.16247927
51,0.000277778,0.003981481,0.000277778,0.000277778,29.55995432
52,0.001018519,0.003981481,0.000277778,0.000277778,26.23181755
53,0.001759259,0.003981481,0.000277778,0.000277778,23.23199572
54,0.0025,0.003981481,0.000277778,0.000277778,20.7036958
55,0.003240741,0.003981481,0.000277778,0.000277778,18.83773965
56,0.003981481,0.003981481,0.000277778,0.000277778,17.84314635
57,0.004722222,0.003981481,0.000277778,0.000277778,17.86603842
58,0.005462963,0.003981481,0.000277778,0.000277778,18.90271957
59,0.006203704,0.003981481,0.000277778,0.000277778,20.80217072
60,0.006944444,0.003981481,0.000277778,0.000277778,23.35482449
61,0.000277778,0.004722222,0.000277778,0.000277778,37.60251243
62,0.001018519,0.004722222,0.000277778,0.000277778,34.19667751
63,0.001759259,0.004722222,0.000277778,0.000277778,30.90981715
64,0.0025,0.004722222,0.000277778,0.000277778,27.78418743
65,0.003240741,0.004722222,0.000277778,0.000277778,24.88062654
66,0.003981481,0.004722222,0.000277778,0.000277778,22.28610137
67,0.004722222,0.004722222,0.000277778,0.000277778,20.12051895
68,0.005462963,0.004722222,0.000277778,0.000277778,18.5348451
69,0.006203704,0.004722222,0.000277778,0.000277778,17.68575455
70,0.006944444,0.004722222,0.000277778,0.000277778,17.67969391
71,0.000277778,0.005462963,0.000277778,0.000277778,44.70351921
72,0.001018519,0.005462963,0.000277778,0.000277778,41.44766921
73,0.001759259,0.005462963,0.000277778,0.000277778,38.24645321
74,0.0025,0.005462963,0.000277778,0.000277778,35.1148164
75,0.003240741,0.005462963,0.000277778,0.000277778,32.07314649
76,0.003981481,0.005462963,0.000277778,0.000277778,29.14962037
77,0.004722222,0.005462963,0.000277778,0.000277778,26.38354141
78,0.005462963,0.005462963,0.000277778,0.000277778,23.82980054
79,0.006203704,0.005462963,0.000277778,0.000277778,21.56396943
80,0.006944444,0.005462963,0.000277778,0.000277778,19.68571585
81,0.000277778,0.006203704,0.000277778,0.000277778,50.82454936
82,0.001018519,0.006203704,0.000277778,0.000277778,47.76602499
83,0.001759259,0.006203704,0.000277778,0.000277778,44.73722497
84,0.0025,0.006203704,0.000277778,0.000277778,41.7446198
85,0.003240741,0.006203704,0.000277778,0.000277778,38.79658611
86,0.003981481,0.006203704,0.000277778,0.000277778,35.90410471
87,0.004722222,0.006203704,0.000277778,0.000277778,33.08175033
88,0.005462963,0.006203704,0.000277778,0.000277778,30.34909394
89,0.006203704,0.006203704,0.000277778,0.000277778,27.7326636
90,0.006944444,0.006203704,0.000277778,0.000277778,25.26858892
91,0.000277778,0.006944444,0.000277778,0.000277778,56.08841105
92,0.001018519,0.006944444,0.000277778,0.000277778,53.2271397
93,0.001759259,0.006944444,0.000277778,0.000277778,50.38405606
94,0.0025,0.006944444,0.000277778,0.000277778,47.56242181
95,0.003240741,0.006944444,0.000277778,0.000277778,44.76629302
96,0.003981481,0.006944444,0.000277778,0.000277778,42.00076393
97,0.004722222,0.006944444,0.000277778,0.000277778,39.27229951
98,0.005462963,0.006944444,0.000277778,0.000277778,36.58919247
99,0.006203704,0.006944444,0.000277778,0.000277778,33.96219458
100,0.006944444,0.006944444,0.000277778,0.000277778,31.40538926
101,0.000277778,0.000277778,0.001018519,0.000277778,84.01922464
102,0.001018519,0.000277778,0.001018519,0.000277778,92.01056083
103,0.001759259,0.000277778,0.001018519,0.000277778,100.0353427
104,0.0025,0.000277778,0.001018519,0.000277778,108.086121
105,0.003240741,0.000277778,0.001018519,0.000277778,116.1574906
106,0.003981481,0.000277778,0.001018519,0.000277778,124.2454384
107,0.004722222,0.000277778,0.001018519,0.000277778,132.3469251
108,0.005462963,0.000277778,0.001018519,0.000277778,140.4596081
109,0.006203704,0.000277778,0.001018519,0.000277778,148.5816534
110,0.006944444,0.000277778,0.001018519,0.000277778,156.7116052
111,0.000277778,0.001018519,0.001018519,0.000277778,53.64436961
112,0.001018519,0.001018519,0.001018519,0.000277778,60.28015307
113,0.001759259,0.001018519,0.001018519,0.000277778,67.00190206
114,0.0025,0.001018519,0.001018519,0.000277778,73.78612653
115,0.003240741,0.001018519,0.001018519,0.000277778,80.6170554
116,0.003981481,0.001018519,0.001018519,0.000277778,87.48374898
117,0.004722222,0.001018519,0.001018519,0.000277778,94.3784012
118,0.005462963,0.001018519,0.001018519,0.000277778,101.2953032
119,0.006203704,0.001018519,0.001018519,0.000277778,108.2301892
120,0.006944444,0.001018519,0.001018519,0.000277778,115.1798108
121,0.000277778,0.001759259,0.001018519,0.000277778,31.98801884
122,0.001018519,0.001759259,0.001018519,0.000277778,37.10415995
123,0.001759259,0.001759259,0.001018519,0.000277778,42.49392717
124,0.0025,0.001759259,0.001018519,0.000277778,48.06536001
125,0.003240741,0.001759259,0.001018519,0.000277778,53.7620093
126,0.003981481,0.001759259,0.001018519,0.000277778,59.54794941
127,0.004722222,0.001759259,0.001018519,0.000277778,65.39948578
128,0.005462963,0.001759259,0.001018519,0.000277778,71.30047003
129,0.006203704,0.001759259,0.001018519,0.000277778,77.23956976
130,0.006944444,0.001759259,0.001018519,0.000277778,83.20862378
131,0.000277778,0.0025,0.001018519,0.000277778,19.96077713
132,0.001018519,0.0025,0.001018519,0.000277778,22.35914183
133,0.001759259,0.0025,0.001018519,0.000277778,25.69013343
134,0.0025,0.0025,0.001018519,0.000277778,29.6409821
135,0.003240741,0.0025,0.001018519,0.000277778,33.9962618
136,0.003981481,0.0025,0.001018519,0.000277778,38.61938561
137,0.004722222,0.0025,0.001018519,0.000277778,43.42489155
138,0.005462963,0.0025,0.001018519,0.000277778,48.35843876
139,0.006203704,0.0025,0.001018519,0.000277778,53.38454013
140,0.006944444,0.0025,0.001018519,0.000277778,58.47933638
141,0.000277778,0.003240741,0.001018519,0.000277778,20.39174489
142,0.001018519,0.003240741,0.001018519,0.000277778,18.92592911
143,0.001759259,0.003240741,0.001018519,0.000277778,18.6244118
144,0.0025,0.003240741,0.001018519,0.000277778,19.54116236
145,0.003240741,0.003240741,0.001018519,0.000277778,21.52105311
146,0.003981481,0.003240741,0.001018519,0.000277778,24.305654
147,0.004722222,0.003240741,0.001018519,0.000277778,27.65292561
148,0.005462963,0.003240741,0.001018519,0.000277778,31.38334212
149,0.006203704,0.003240741,0.001018519,0.000277778,35.37590168
150,0.006944444,0.003240741,0.001018519,0.000277778,39.55129664
151,0.000277778,0.003981481,0.001018519,0.000277778,27.54170281
152,0.001018519,0.003981481,0.001018519,0.000277778,24.49578064
153,0.001759259,0.003981481,0.001018519,0.000277778,21.88243967
154,0.0025,0.003981481,0.001018519,0.000277778,19.87307434
155,0.003240741,0.003981481,0.001018519,0.000277778,18.66378906
156,0.003981481,0.003981481,0.001018519,0.000277778,18.41290259
157,0.004722222,0.003981481,0.001018519,0.000277778,19.15810435
158,0.005462963,0.003981481,0.001018519,0.000277778,20.79256992
159,0.006203704,0.003981481,0.001018519,0.000277778,23.12853187
160,0.006944444,0.003981481,0.001018519,0.000277778,25.97743309
161,0.000277778,0.004722222,0.001018519,0.000277778,35.4258005
162,0.001018519,0.004722222,0.001018519,0.000277778,32.13651972
163,0.001759259,0.004722222,0.001018519,0.000277778,29.00111531
164,0.0025,0.004722222,0.001018519,0.000277778,26.07515504
165,0.003240741,0.004722222,0.001018519,0.000277778,23.4372132
166,0.003981481,0.004722222,0.001018519,0.000277778,21.1951043
167,0.004722222,0.004722222,0.001018519,0.000277778,19.48594779
168,0.005462963,0.004722222,0.001018519,0.000277778,18.45838854
169,0.006203704,0.004722222,0.001018519,0.000277778,18.22806312
170,0.006944444,0.004722222,0.001018519,0.000277778,18.82425813
171,0.000277778,0.005462963,0.001018519,0.000277778,42.57134153
172,0.001018519,0.005462963,0.001018519,0.000277778,39.3748651
173,0.001759259,0.005462963,0.001018519,0.000277778,36.24662923
174,0.0025,0.005462963,0.001018519,0.000277778,33.20592578
175,0.003240741,0.005462963,0.001018519,0.000277778,30.27913688
176,0.003981481,0.005462963,0.001018519,0.000277778,27.50265443
177,0.004722222,0.005462963,0.001018519,0.000277778,24.92675508
178,0.005462963,0.005462963,0.001018519,0.000277778,22.62006817
179,0.006203704,0.005462963,0.001018519,0.000277778,20.6729073
180,0.006944444,0.005462963,0.001018519,0.000277778,19.1949982
181,0.000277778,0.006203704,0.001018519,0.000277778,48.79390446
182,0.001018519,0.006203704,0.001018519,0.000277778,45.77044509
183,0.001759259,0.006203704,0.001018519,0.000277778,42.78305744
184,0.0025,0.006203704,0.001018519,0.000277778,39.83985683
185,0.003240741,0.006203704,0.001018519,0.000277778,36.95140335
186,0.003981481,0.006203704,0.001018519,0.000277778,34.13159908
187,0.004722222,0.006203704,0.001018519,0.000277778,31.39894474
188,0.005462963,0.006203704,0.001018519,0.000277778,28.77827712
189,0.006203704,0.006203704,0.001018519,0.000277778,26.30309043
190,0.006944444,0.006203704,0.001018519,0.000277778,24.01840393
191,0.000277778,0.006944444,0.001018519,0.000277778,54.17250051
192,0.001018519,0.006944444,0.001018519,0.000277778,51.33412217
193,0.001759259,0.006944444,0.001018519,0.000277778,48.51732212
194,0.0025,0.006944444,0.001018519,0.000277778,45.7260883
195,0.003240741,0.006944444,0.001018519,0.000277778,42.96540369
196,0.003981481,0.006944444,0.001018519,0.000277778,40.24155608
197,0.004722222,0.006944444,0.001018519,0.000277778,37.56256003
198,0.005462963,0.006944444,0.001018519,0.000277778,34.9387343
199,0.006203704,0.006944444,0.001018519,0.000277778,32.38349195
200,0.006944444,0.006944444,0.001018519,0.000277778,29.91441302
201,0.000277778,0.000277778,0.001759259,0.000277778,89.79545103
202,0.001018519,0.000277778,0.001759259,0.000277778,97.79773979
203,0.001759259,0.000277778,0.001759259,0.000277778,105.8299867
204,0.0025,0.000277778,0.001759259,0.000277778,113.8858531
205,0.003240741,0.000277778,0.001759259,0.000277778,121.9606588
206,0.003981481,0.000277778,0.001759259,0.000277778,130.0508759
207,0.004722222,0.000277778,0.001759259,0.000277778,138.153797
208,0.005462963,0.000277778,0.001759259,0.000277778,146.2673109
209,0.006203704,0.000277778,0.001759259,0.000277778,154.3897475
210,0.006944444,0.000277778,0.001759259,0.000277778,162.519769
211,0.000277778,0.001018519,0.001759259,0.000277778,58.59796987
212,0.001018519,0.001018519,0.001759259,0.000277778,65.27241769
213,0.001759259,0.001018519,0.001759259,0.000277778,72.01968143
214,0.0025,0.001018519,0.001759259,0.000277778,78.82106367
215,0.003240741,0.001018519,0.001759259,0.000277778,85.66367495
216,0.003981481,0.001018519,0.001759259,0.000277778,92.53836986
217,0.004722222,0.001018519,0.001759259,0.000277778,99.4384943
218,0.005462963,0.001018519,0.001759259,0.000277778,106.3590991
219,0.006203704,0.001018519,0.001759259,0.000277778,113.2964313
220,0.006944444,0.001018519,0.001759259,0.000277778,120.2475958
221,0.000277778,0.001759259,0.001759259,0.000277778,36.01669072
222,0.001018519,0.001759259,0.001759259,0.000277778,41.29007972
223,0.001759259,0.001759259,0.001759259,0.000277778,46.77680174
224,0.0025,0.001759259,0.001759259,0.000277778,52.40989891
225,0.003240741,0.001759259,0.001759259,0.000277778,58.14684558
226,0.003981481,0.001759259,0.001759259,0.000277778,63.95970312
227,0.004722222,0.001759259,0.001759259,0.000277778,69.82951683
228,0.005462963,0.001759259,0.001759259,0.000277778,75.74304617
229,0.006203704,0.001759259,0.001759259,0.000277778,81.69079807
230,0.006944444,0.001759259,0.001759259,0.000277778,87.66580726
231,0.000277778,0.0025,0.001759259,0.000277778,22.20313567
232,0.001018519,0.0025,0.001759259,0.000277778,25.23444016
233,0.001759259,0.0025,0.001759259,0.000277778,28.96770338
234,0.0025,0.0025,0.001759259,0.000277778,33.16672791
235,0.003240741,0.0025,0.001759259,0.000277778,37.67610614
236,0.003981481,0.0025,0.001759259,0.000277778,42.39692488
237,0.004722222,0.0025,0.001759259,0.000277778,47.26587181
238,0.005462963,0.0025,0.001759259,0.000277778,52.24154638
239,0.006203704,0.0025,0.001759259,0.000277778,57.29615022
240,0.006944444,0.0025,0.001759259,0.000277778,62.41050893
241,0.000277778,0.003240741,0.001759259,0.000277778,19.88464918
242,0.001018519,0.003240741,0.001759259,0.000277778,19.27157574
243,0.001759259,0.003240741,0.001759259,0.000277778,19.84183407
244,0.0025,0.003240741,0.001759259,0.000277778,21.50147707
245,0.003240741,0.003240741,0.001759259,0.000277778,24.02579951
246,0.003981481,0.003240741,0.001759259,0.000277778,27.17489571
247,0.004722222,0.003240741,0.001759259,0.000277778,30.75745863
248,0.005462963,0.003240741,0.001759259,0.000277778,34.63925453
249,0.006203704,0.003240741,0.001759259,0.000277778,38.73041488
250,0.006944444,0.003240741,0.001759259,0.000277778,42.9711823
251,0.000277778,0.003981481,0.001759259,0.000277778,25.77290007
252,0.001018519,0.003981481,0.001759259,0.000277778,23.08507693
253,0.001759259,0.003981481,0.001759259,0.000277778,20.94992116
254,0.0025,0.003981481,0.001759259,0.000277778,19.54936412
255,0.003240741,0.003981481,0.001759259,0.000277778,19.04615707
256,0.003981481,0.003981481,0.001759259,0.000277778,19.50985859
257,0.004722222,0.003981481,0.001759259,0.000277778,20.87613675
258,0.005462963,0.003981481,0.001759259,0.000277778,22.98459507
259,0.006203704,0.003981481,0.001759259,0.000277778,25.65287813
260,0.006944444,0.003981481,0.001759259,0.000277778,28.72540205
261,0.000277778,0.004722222,0.001759259,0.000277778,33.36720416
262,0.001018519,0.004722222,0.001759259,0.000277778,30.22322978
263,0.001759259,0.004722222,0.001759259,0.000277778,27.27741106
264,0.0025,0.004722222,0.001759259,0.000277778,24.60103497
265,0.003240741,0.004722222,0.001759259,0.000277778,22.29136425
266,0.003981481,0.004722222,0.001759259,0.000277778,20.47288818
267,0.004722222,0.004722222,0.001759259,0.000277778,19.28506188
268,0.005462963,0.004722222,0.001759259,0.000277778,18.84750127
269,0.006203704,0.004722222,0.001759259,0.000277778,19.21153893
270,0.006944444,0.004722222,0.001759259,0.000277778,20.33416788
271,0.000277778,0.005462963,0.001759259,0.000277778,40.50653272
272,0.001018519,0.005462963,0.001759259,0.000277778,37.38176432
273,0.001759259,0.005462963,0.001759259,0.000277778,34.34225766
274,0.0025,0.005462963,0.001759259,0.000277778,31.41277234
275,0.003240741,0.005462963,0.001759259,0.000277778,28.62710461
276,0.003981481,0.005462963,0.001759259,0.000277778,26.03146591
277,0.004722222,0.005462963,0.001759259,0.000277778,23.68840568
278,0.005462963,0.005462963,0.001759259,0.000277778,21.67997135
279,0.006203704,0.005462963,0.001759259,0.000277778,20.10669039
280,0.006944444,0.005462963,0.001759259,0.000277778,19.07653235
281,0.000277778,0.006203704,0.001759259,0.000277778,46.80697457
282,0.001018519,0.006203704,0.001759259,0.000277778,43.824783
283,0.001759259,0.006203704,0.001759259,0.000277778,40.88640569
284,0.0025,0.006203704,0.001759259,0.000277778,38.00200737
285,0.003240741,0.006203704,0.001759259,0.000277778,35.18486587
286,0.003981481,0.006203704,0.001759259,0.000277778,32.45250125
287,0.004722222,0.006203704,0.001759259,0.000277778,29.82822015
288,0.005462963,0.006203704,0.001759259,0.000277778,27.3431605
289,0.006203704,0.006203704,0.001759259,0.000277778,25.03880915
290,0.006944444,0.006203704,0.001759259,0.000277778,22.96961754
291,0.000277778,0.006944444,0.001759259,0.000277778,52.28749815
292,0.001018519,0.006944444,0.001759259,0.000277778,49.47553429
293,0.001759259,0.006944444,0.001759259,0.000277778,46.68919234
294,0.0025,0.006944444,0.001759259,0.000277778,43.93334756
295,0.003240741,0.006944444,0.001759259,0.000277778,41.21411812
296,0.003981481,0.006944444,0.001759259,0.000277778,38.53925525
297,0.004722222,0.006944444,0.001759259,0.000277778,35.91867226
298,0.005462963,0.006944444,0.001759259,0.000277778,33.36516143
299,0.006203704,0.006944444,0.001759259,0.000277778,30.89535783
300,0.006944444,0.006944444,0.001759259,0.000277778,28.53100826
301,0.000277778,0.000277778,0.0025,0.000277778,95.57791546
302,0.001018519,0.000277778,0.0025,0.000277778,103.5894517
303,0.001759259,0.000277778,0.0025,0.000277778,111.6280626
304,0.0025,0.000277778,0.0025,0.000277778,119.6882931
305,0.003240741,0.000277778,0.0025,0.000277778,127.7660516
306,0.003981481,0.000277778,0.0025,0.000277778,135.8582116
307,0.004722222,0.000277778,0.0025,0.000277778,143.9623446
308,0.005462963,0.000277778,0.0025,0.000277778,152.0765365
309,0.006203704,0.000277778,0.0025,0.000277778,160.1992589
310,0.006944444,0.000277778,0.0025,0.000277778,168.3292768
311,0.000277778,0.001018519,0.0025,0.000277778,63.57289954
312,0.001018519,0.001018519,0.0025,0.000277778,70.2785029
313,0.001759259,0.001018519,0.0025,0.000277778,77.0467517
314,0.0025,0.001018519,0.0025,0.000277778,83.86247962
315,0.003240741,0.001018519,0.0025,0.000277778,90.71498549
316,0.003981481,0.001018519,0.0025,0.000277778,97.59652278
317,0.004722222,0.001018519,0.0025,0.000277778,104.5013564
318,0.005462963,0.001018519,0.0025,0.000277778,111.4251555
319,0.006203704,0.001018519,0.0025,0.000277778,118.364592
320,0.006944444,0.001018519,0.0025,0.000277778,125.3170681
321,0.000277778,0.001759259,0.0025,0.000277778,40.14260763
322,0.001018519,0.001759259,0.0025,0.000277778,45.53329503
323,0.001759259,0.001759259,0.0025,0.000277778,51.09464542
324,0.0025,0.001759259,0.0025,0.000277778,56.7765308
325,0.003240741,0.001759259,0.0025,0.000277778,62.54611046
326,0.003981481,0.001759259,0.0025,0.000277778,68.3811907
327,0.004722222,0.001759259,0.0025,0.000277778,74.26633407
328,0.005462963,0.001759259,0.0025,0.000277778,80.19051898
329,0.006203704,0.001759259,0.0025,0.000277778,86.14569123
330,0.006944444,0.001759259,0.0025,0.000277778,92.1258418
331,0.000277778,0.0025,0.0025,0.000277778,24.88751053
332,0.001018519,0.0025,0.0025,0.000277778,28.38106858
333,0.001759259,0.0025,0.0025,0.000277778,32.40578744
334,0.0025,0.0025,0.0025,0.000277778,36.78774521
335,0.003240741,0.0025,0.0025,0.000277778,41.41369904
336,0.003981481,0.0025,0.0025,0.000277778,46.21043032
337,0.004722222,0.0025,0.0025,0.000277778,51.12989737
338,0.005462963,0.0025,0.0025,0.000277778,56.13984389
339,0.006203704,0.0025,0.0025,0.000277778,61.21806001
340,0.006944444,0.0025,0.0025,0.000277778,66.3488719
341,0.000277778,0.003240741,0.0025,0.000277778,20.01530838
342,0.001018519,0.003240741,0.0025,0.000277778,20.25422805
343,0.001759259,0.003240741,0.0025,0.000277778,21.59086212
344,0.0025,0.003240741,0.0025,0.000277778,23.84129378
345,0.003240741,0.003240741,0.0025,0.000277778,26.77610204
346,0.003981481,0.003240741,0.0025,0.000277778,30.19639682
347,0.004722222,0.003240741,0.0025,0.000277778,33.95578759
348,0.005462963,0.003240741,0.0025,0.000277778,37.95364317
349,0.006203704,0.003240741,0.0025,0.000277778,42.12211934
350,0.006944444,0.003240741,0.0025,0.000277778,46.41526941
351,0.000277778,0.003981481,0.0025,0.000277778,24.30806146
352,0.001018519,0.003981481,0.0025,0.000277778,22.06220239
353,0.001759259,0.003981481,0.0025,0.000277778,20.49145474
354,0.0025,0.003981481,0.0025,0.000277778,19.75749684
355,0.003240741,0.003981481,0.0025,0.000277778,19.95288616
356,0.003981481,0.003981481,0.0025,0.000277778,21.05176174
357,0.004722222,0.003981481,0.0025,0.000277778,22.92456541
358,0.005462963,0.003981481,0.0025,0.000277778,25.40068399
359,0.006203704,0.003981481,0.0025,0.000277778,28.3223201
360,0.006944444,0.003981481,0.0025,0.000277778,31.56600871
361,0.000277778,0.004722222,0.0025,0.000277778,31.4499262
362,0.001018519,0.004722222,0.0025,0.000277778,28.48641622
363,0.001759259,0.004722222,0.0025,0.000277778,25.77584511
364,0.0025,0.004722222,0.0025,0.000277778,23.40625354
365,0.003240741,0.004722222,0.0025,0.000277778,21.4907294
366,0.003981481,0.004722222,0.0025,0.000277778,20.15912762
367,0.004722222,0.004722222,0.0025,0.000277778,19.53124763
368,0.005462963,0.004722222,0.0025,0.000277778,19.67457936
369,0.006203704,0.004722222,0.0025,0.000277778,20.57301007
370,0.006944444,0.004722222,0.0025,0.000277778,22.1347836
371,0.000277778,0.005462963,0.0025,0.000277778,38.51992797
372,0.001018519,0.005462963,0.0025,0.000277778,35.48180083
373,0.001759259,0.005462963,0.0025,0.000277778,32.55009641
374,0.0025,0.005462963,0.0025,0.000277778,29.75628689
375,0.003240741,0.005462963,0.0025,0.000277778,27.14298602
376,0.003981481,0.005462963,0.0025,0.000277778,24.76739828
377,0.004722222,0.005462963,0.0025,0.000277778,22.70426376
378,0.005462963,0.005462963,0.0025,0.000277778,21.0456745
379,0.006203704,0.005462963,0.0025,0.000277778,19.8930763
380,0.006944444,0.005462963,0.0025,0.000277778,19.33716115
381,0.000277778,0.006203704,0.0025,0.000277778,44.86956748
382,0.001018519,0.006203704,0.0025,0.000277778,41.93598726
383,0.001759259,0.006203704,0.0025,0.000277778,39.05565001
384,0.0025,0.006203704,0.0025,0.000277778,36.24125269
385,0.003240741,0.006203704,0.0025,0.000277778,33.50941396
386,0.003981481,0.006203704,0.0025,0.000277778,30.88205111
387,0.004722222,0.006203704,0.0025,0.000277778,28.38818708
388,0.005462963,0.006203704,0.0025,0.000277778,26.06616733
389,0.006203704,0.006203704,0.0025,0.000277778,23.96599303
390,0.006944444,0.006203704,0.0025,0.000277778,22.15085536
391,0.000277778,0.006944444,0.0025,0.000277778,50.43686954
392,0.001018519,0.006944444,0.0025,0.000277778,47.65540453
393,0.001759259,0.006944444,0.0025,0.000277778,44.90438186
394,0.0025,0.006944444,0.0025,0.000277778,42.18975703
395,0.003240741,0.006944444,0.0025,0.000277778,39.51903143
396,0.003981481,0.006944444,0.0025,0.000277778,36.90173776
397,0.004722222,0.006944444,0.0025,0.000277778,34.35009189
398,0.005462963,0.006944444,0.0025,0.000277778,31.87986095
399,0.006203704,0.006944444,0.0025,0.000277778,29.51149631
400,0.006944444,0.006944444,0.0025,0.000277778,27.27155024
401,0.000277778,0.000277778,0.003240741,0.000277778,101.3655504
402,0.001018519,0.000277778,0.003240741,0.000277778,109.3849764
403,0.001759259,0.000277778,0.003240741,0.000277778,117.429062
404,0.0025,0.000277778,0.003240741,0.000277778,125.4930653
405,0.003240741,0.000277778,0.003240741,0.000277778,133.573379
406,0.003981481,0.000277778,0.003240741,0.000277778,141.6672121
407,0.004722222,0.000277778,0.003240741,0.000277778,149.7723729
408,0.005462963,0.000277778,0.003240741,0.000277778,157.8871168
409,0.006203704,0.000277778,0.003240741,0.000277778,166.0100386
410,0.006944444,0.000277778,0.003240741,0.000277778,174.1399939
411,0.000277778,0.001018519,0.003240741,0.000277778,68.56451589
412,0.001018519,0.001018519,0.003240741,0.000277778,75.29565213
413,0.001759259,0.001018519,0.003240741,0.000277778,82.08140584
414,0.0025,0.001018519,0.003240741,0.000277778,88.9092723
415,0.003240741,0.001018519,0.003240741,0.000277778,95.77024475
416,0.003981481,0.001018519,0.003240741,0.000277778,102.6576856
417,0.004722222,0.001018519,0.003240741,0.000277778,109.5666036
418,0.005462963,0.001018519,0.003240741,0.000277778,116.4931775
419,0.006203704,0.001018519,0.003240741,0.000277778,123.4344349
420,0.006944444,0.001018519,0.003240741,0.000277778,130.388031
421,0.000277778,0.001759259,0.003240741,0.000277778,44.33863055
422,0.001018519,0.001759259,0.003240741,0.000277778,49.81916805
423,0.001759259,0.001759259,0.003240741,0.000277778,55.4392882
424,0.0025,0.001759259,0.003240741,0.000277778,61.1605238
425,0.003240741,0.001759259,0.003240741,0.000277778,66.95695999
426,0.003981481,0.001759259,0.003240741,0.000277778,72.8106389
427,0.004722222,0.001759259,0.003240741,0.000277778,78.7087899
428,0.005462963,0.001759259,0.003240741,0.000277778,84.6421166
429,0.006203704,0.001759259,0.003240741,0.000277778,90.60370866
430,0.006944444,0.001759259,0.003240741,0.000277778,96.58833246
431,0.000277778,0.0025,0.003240741,0.000277778,27.88654627
432,0.001018519,0.0025,0.003240741,0.000277778,31.71837754
433,0.001759259,0.0025,0.003240741,0.000277778,35.95837338
434,0.0025,0.0025,0.003240741,0.000277778,40.47847441
435,0.003240741,0.0025,0.003240741,0.000277778,45.19471538
436,0.003981481,0.0025,0.003240741,0.000277778,50.05168166
437,0.004722222,0.0025,0.003240741,0.000277778,55.01211238
438,0.005462963,0.0025,0.003240741,0.000277778,60.05037313
439,0.006203704,0.0025,0.003240741,0.000277778,65.14840941
440,0.006944444,0.0025,0.003240741,0.000277778,70.29321672
441,0.000277778,0.003240741,0.003240741,0.000277778,20.77169107
442,0.001018519,0.003240741,0.003240741,0.000277778,21.78786725
443,0.001759259,0.003240741,0.003240741,0.000277778,23.75435872
444,0.0025,0.003240741,0.003240741,0.000277778,26.46012747
445,0.003240741,0.003240741,0.003240741,0.000277778,29.7038301
446,0.003981481,0.003240741,0.003240741,0.000277778,33.32877269
447,0.004722222,0.003240741,0.003240741,0.000277778,37.22374301
448,0.005462963,0.003240741,0.003240741,0.000277778,41.31243624
449,0.006203704,0.003240741,0.003240741,0.000277778,45.54270657
450,0.006944444,0.003240741,0.003240741,0.000277778,49.87854493
451,0.000277778,0.003981481,0.003240741,0.000277778,23.20482313
452,0.001018519,0.003981481,0.003240741,0.000277778,21.48262697
453,0.001759259,0.003981481,0.003240741,0.000277778,20.53881028
454,0.0025,0.003981481,0.003240741,0.000277778,20.48126498
455,0.003240741,0.003981481,0.003240741,0.000277778,21.31716968
456,0.003981481,0.003981481,0.003240741,0.000277778,22.94910135
457,0.004722222,0.003981481,0.003240741,0.000277778,25.22302128
458,0.005462963,0.003981481,0.003240741,0.000277778,27.98285857
459,0.006203704,0.003981481,0.003240741,0.000277778,31.09951713
460,0.006944444,0.003981481,0.003240741,0.000277778,34.47636261
461,0.000277778,0.004722222,0.003240741,0.000277778,29.70134634
462,0.001018519,0.004722222,0.003240741,0.000277778,26.96020719
463,0.001759259,0.004722222,0.003240741,0.000277778,24.53723294
464,0.0025,0.004722222,0.003240741,0.000277778,22.53528478
465,0.003240741,0.004722222,0.003240741,0.000277778,21.07468984
466,0.003981481,0.004722222,0.003240741,0.000277778,20.27279641
467,0.004722222,0.004722222,0.003240741,0.000277778,20.20817232
468,0.005462963,0.004722222,0.003240741,0.000277778,20.88766176
469,0.006203704,0.004722222,0.003240741,0.000277778,22.24317492
470,0.006944444,0.004722222,0.003240741,0.000277778,24.16119778
471,0.000277778,0.005462963,0.003240741,0.000277778,36.62425552
472,0.001018519,0.005462963,0.003240741,0.000277778,33.69073552
473,0.001759259,0.005462963,0.003240741,0.000277778,30.88968233
474,0.0025,0.005462963,0.003240741,0.000277778,28.26051196
475,0.003240741,0.005462963,0.003240741,0.000277778,25.85571205
476,0.003981481,0.005462963,0.003240741,0.000277778,23.74355496
477,0.004722222,0.005462963,0.003240741,0.000277778,22.00845759
478,0.005462963,0.005462963,0.003240741,0.000277778,20.7452466
479,0.006203704,0.005462963,0.003240741,0.000277778,20.0433419
480,0.006944444,0.005462963,0.003240741,0.000277778,19.96204147
481,0.000277778,0.006203704,0.003240741,0.000277778,42.9883794
482,0.001018519,0.006203704,0.003240741,0.000277778,40.11209182
483,0.001759259,0.006203704,0.003240741,0.000277778,37.30049444
484,0.0025,0.006203704,0.003240741,0.000277778,34.56937503
485,0.003240741,0.006203704,0.003240741,0.000277778,31.93938513
486,0.003981481,0.006203704,0.003240741,0.000277778,29.4376423
487,0.004722222,0.006203704,0.003240741,0.000277778,27.09968772
488,0.005462963,0.006203704,0.003240741,0.000277778,24.9715677
489,0.006203704,0.006203704,0.003240741,0.000277778,23.11132063
490,0.006944444,0.006203704,0.003240741,0.000277778,21.58830512
491,0.000277778,0.006944444,0.003240741,0.000277778,48.62453958
492,0.001018519,0.006944444,0.003240741,0.000277778,45.87831037
493,0.001759259,0.006944444,0.003240741,0.000277778,43.1682642
494,0.0025,0.006944444,0.003240741,0.000277778,40.50166495
495,0.003240741,0.006944444,0.003240741,0.000277778,37.88768734
496,0.003981481,0.006944444,0.003240741,0.000277778,35.33801067
497,0.004722222,0.006944444,0.003240741,0.000277778,32.86760263
498,0.005462963,0.006944444,0.003240741,0.000277778,30.49573357
499,0.006203704,0.006944444,0.003240741,0.000277778,28.24723681
500,0.006944444,0.006944444,0.003240741,0.000277778,26.15395127
501,0.000277778,0.000277778,0.003981481,0.000277778,107.157518
502,0.001018519,0.000277778,0.003981481,0.000277778,115.1837385
503,0.001759259,0.000277778,0.003981481,0.000277778,123.2325722
504,0.0025,0.000277778,0.003981481,0.000277778,131.2998605
505,0.003240741,0.000277778,0.003981481,0.000277778,139.3823991
506,0.003981481,0.000277778,0.003981481,0.000277778,147.4776806
507,0.004722222,0.000277778,0.003981481,0.000277778,155.5837159
508,0.005462963,0.000277778,0.003981481,0.000277778,163.6989076
509,0.006203704,0.000277778,0.003981481,0.000277778,171.8219581
510,0.006944444,0.000277778,0.003981481,0.000277778,179.9518034
511,0.000277778,0.001018519,0.003981481,0.000277778,73.56942249
512,0.001018519,0.001018519,0.003981481,0.000277778,80.32179213
513,0.001759259,0.001018519,0.003981481,0.000277778,87.12232906
514,0.0025,0.001018519,0.003981481,0.000277778,93.96057531
515,0.003240741,0.001018519,0.003981481,0.000277778,100.8288588
516,0.003981481,0.001018519,0.003981481,0.000277778,107.7214342
517,0.004722222,0.001018519,0.003981481,0.000277778,114.6339198
518,0.005462963,0.001018519,0.003981481,0.000277778,121.5629191
519,0.006203704,0.001018519,0.003981481,0.000277778,128.505761
520,0.006944444,0.001018519,0.003981481,0.000277778,135.460317
521,0.000277778,0.001759259,0.003981481,0.000277778,48.58659946
522,0.001018519,0.001759259,0.003981481,0.000277778,54.13756855
523,0.001759259,0.001759259,0.003981481,0.000277778,59.80488973
524,0.0025,0.001759259,0.003981481,0.000277778,65.5583951
525,0.003240741,0.001759259,0.003981481,0.000277778,71.37724655
526,0.003981481,0.001759259,0.003981481,0.000277778,77.24667829
527,0.004722222,0.001759259,0.003981481,0.000277778,83.15598062
528,0.005462963,0.001759259,0.003981481,0.000277778,89.09722075
529,0.006203704,0.001759259,0.003981481,0.000277778,95.0644108
530,0.006944444,0.001759259,0.003981481,0.000277778,101.0529539
531,0.000277778,0.0025,0.003981481,0.000277778,31.1093729
532,0.001018519,0.0025,0.003981481,0.000277778,35.19216148
533,0.001759259,0.0025,0.003981481,0.000277778,39.59465253
534,0.0025,0.0025,0.003981481,0.000277778,44.22146448
535,0.003240741,0.0025,0.003981481,0.000277778,49.00910594
536,0.003981481,0.0025,0.003981481,0.000277778,53.91474882
537,0.004722222,0.0025,0.003981481,0.000277778,58.90892079
538,0.005462963,0.0025,0.003981481,0.000277778,63.97089096
539,0.006203704,0.0025,0.003981481,0.000277778,69.08575803
540,0.006944444,0.0025,0.003981481,0.000277778,74.24258999
541,0.000277778,0.003240741,0.003981481,0.000277778,22.08961326
542,0.001018519,0.003240741,0.003981481,0.000277778,23.76606507
543,0.001759259,0.003240741,0.003981481,0.000277778,26.22996517
544,0.0025,0.003240741,0.003981481,0.000277778,29.28321509
545,0.003240741,0.003240741,0.003981481,0.000277778,32.76145126
546,0.003981481,0.003240741,0.003981481,0.000277778,36.54352309
547,0.004722222,0.003240741,0.003981481,0.000277778,40.54449236
548,0.005462963,0.003240741,0.003981481,0.000277778,44.70562638
549,0.006203704,0.003240741,0.003981481,0.000277778,48.9861265
550,0.006944444,0.003240741,0.003981481,0.000277778,53.35727258
551,0.000277778,0.003981481,0.003981481,0.000277778,22.51640004
552,0.001018519,0.003981481,0.003981481,0.000277778,21.38242828
553,0.001759259,0.003981481,0.003981481,0.000277778,21.08858053
554,0.0025,0.003981481,0.003981481,0.000277778,21.66906179
555,0.003240741,0.003981481,0.003981481,0.000277778,23.05793292
556,0.003981481,0.003981481,0.003981481,0.000277778,25.12147135
557,0.004722222,0.003981481,0.003981481,0.000277778,27.70935575
558,0.005462963,0.003981481,0.003981481,0.000277778,30.68922434
559,0.006203704,0.003981481,0.003981481,0.000277778,33.95804184
560,0.006944444,0.003981481,0.003981481,0.000277778,37.44020222
561,0.000277778,0.004722222,0.003981481,0.000277778,28.1529157
562,0.001018519,0.004722222,0.003981481,0.000277778,25.68217682
563,0.001759259,0.004722222,0.003981481,0.000277778,23.60300789
564,0.0025,0.004722222,0.003981481,0.000277778,22.02657458
565,0.003240741,0.004722222,0.003981481,0.000277778,21.06604437
566,0.003981481,0.004722222,0.003981481,0.000277778,20.80689055
567,0.004722222,0.004722222,0.003981481,0.000277778,21.27475957
568,0.005462963,0.004722222,0.003981481,0.000277778,22.42419065
569,0.006203704,0.004722222,0.003981481,0.000277778,24.15809366
570,0.006944444,0.004722222,0.003981481,0.000277778,26.36139002
571,0.000277778,0.005462963,0.003981481,0.000277778,34.83436403
572,0.001018519,0.005462963,0.003981481,0.000277778,32.02684364
573,0.001759259,0.005462963,0.003981481,0.000277778,29.3833585
574,0.0025,0.005462963,0.003981481,0.000277778,26.95221785
575,0.003240741,0.005462963,0.003981481,0.000277778,24.79595905
576,0.003981481,0.005462963,0.003981481,0.000277778,22.99205015
577,0.004722222,0.005462963,0.003981481,0.000277778,21.62883266
578,0.005462963,0.005462963,0.003981481,0.000277778,20.7931643
579,0.006203704,0.005462963,0.003981481,0.000277778,20.54950628
580,0.006944444,0.005462963,0.003981481,0.000277778,20.91855593
581,0.000277778,0.006203704,0.003981481,0.000277778,41.17111734
582,0.001018519,0.006203704,0.003981481,0.000277778,38.36235465
583,0.001759259,0.006203704,0.003981481,0.000277778,35.63211242
584,0.0025,0.006203704,0.003981481,0.000277778,32.99988552
585,0.003240741,0.006203704,0.003981481,0.000277778,30.4910689
586,0.003981481,0.006203704,0.003981481,0.000277778,28.13869132
587,0.004722222,0.006203704,0.003981481,0.000277778,25.98527361
588,0.005462963,0.006203704,0.003981481,0.000277778,24.08424316
589,0.006203704,0.006203704,0.003981481,0.000277778,22.49966492
590,0.006944444,0.006203704,0.003981481,0.000277778,21.3022746
591,0.000277778,0.006944444,0.003981481,0.000277778,46.85495262
592,0.001018519,0.006944444,0.003981481,0.000277778,44.14944891
593,0.001759259,0.006944444,0.003981481,0.000277778,41.48695279
594,0.0025,0.006944444,0.003981481,0.000277778,38.87630156
595,0.003240741,0.006944444,0.003981481,0.000277778,36.32867398
596,0.003981481,0.006944444,0.003981481,0.000277778,33.85829944
597,0.004722222,0.006944444,0.003981481,0.000277778,31.48336842
598,0.005462963,0.006944444,0.003981481,0.000277778,29.22715675
599,0.006203704,0.006944444,0.003981481,0.000277778,27.11931147
600,0.006944444,0.006944444,0.003981481,0.000277778,25.1970946
601,0.000277778,0.000277778,0.004722222,0.000277778,112.9531518
602,0.001018519,0.000277778,0.004722222,0.000277778,120.9852724
603,0.001759259,0.000277778,0.004722222,0.000277778,129.0382543
604,0.0025,0.000277778,0.004722222,0.000277778,137.1084216
605,0.003240741,0.000277778,0.004722222,0.000277778,145.1929088
606,0.003981481,0.000277778,0.004722222,0.000277778,153.2894503
607,0.004722222,0.000277778,0.004722222,0.000277778,161.3962318
608,0.005462963,0.000277778,0.004722222,0.000277778,169.5117842
609,0.006203704,0.000277778,0.004722222,0.000277778,177.6349055
610,0.006944444,0.000277778,0.004722222,0.000277778,185.7646026
611,0.000277778,0.001018519,0.004722222,0.000277778,78.58508008
612,0.001018519,0.001018519,0.004722222,0.000277778,85.35533465
613,0.001759259,0.001018519,0.004722222,0.000277778,92.16849277
614,0.0025,0.001018519,0.004722222,0.000277778,99.01569838
615,0.003240741,0.001018519,0.004722222,0.000277778,105.8903469
616,0.003981481,0.001018519,0.004722222,0.000277778,112.7874202
617,0.004722222,0.001018519,0.004722222,0.000277778,119.7030422
618,0.005462963,0.001018519,0.004722222,0.000277778,126.634174
619,0.006203704,0.001018519,0.004722222,0.000277778,133.5784014
620,0.006944444,0.001018519,0.004722222,0.000277778,140.533783
621,0.000277778,0.001759259,0.004722222,0.000277778,52.87399559
622,0.001018519,0.001759259,0.004722222,0.000277778,58.48129127
623,0.001759259,0.001759259,0.004722222,0.000277778,64.18717373
624,0.0025,0.001759259,0.004722222,0.000277778,69.96752776
625,0.003240741,0.001759259,0.004722222,0.000277778,75.8053193
626,0.003981481,0.001759259,0.004722222,0.000277778,81.68823509
627,0.004722222,0.001759259,0.004722222,0.000277778,87.60718518
628,0.005462963,0.001759259,0.004722222,0.000277778,93.55533049
629,0.006203704,0.001759259,0.004722222,0.000277778,99.5274367
630,0.006944444,0.001759259,0.004722222,0.000277778,105.5194355
631,0.000277778,0.0025,0.004722222,0.000277778,34.49331874
632,0.001018519,0.0025,0.004722222,0.000277778,38.76574934
633,0.001759259,0.0025,0.004722222,0.000277778,43.29354153
634,0.0025,0.0025,0.004722222,0.000277778,48.00449236
635,0.003240741,0.0025,0.004722222,0.000277778,52.84964491
636,0.003981481,0.0025,0.004722222,0.000277778,57.79525742
637,0.004722222,0.0025,0.004722222,0.000277778,62.81760681
638,0.005462963,0.0025,0.004722222,0.000277778,67.89966718
639,0.006203704,0.0025,0.004722222,0.000277778,73.02897379
640,0.006944444,0.0025,0.004722222,0.000277778,78.1962298
641,0.000277778,0.003240741,0.004722222,0.000277778,23.87626774
642,0.001018519,0.003240741,0.004722222,0.000277778,26.08788649
643,0.001759259,0.003240741,0.004722222,0.000277778,28.93768946
644,0.0025,0.003240741,0.004722222,0.000277778,32.25697304
645,0.003240741,0.003240741,0.004722222,0.000277778,35.91580624
646,0.003981481,0.003240741,0.004722222,0.000277778,39.82070259
647,0.004722222,0.003240741,0.004722222,0.000277778,43.90605836
648,0.005462963,0.003240741,0.004722222,0.000277778,48.1259385
649,0.006203704,0.003240741,0.004722222,0.000277778,52.44788214
650,0.006944444,0.003240741,0.004722222,0.000277778,56.84861576
651,0.000277778,0.003981481,0.004722222,0.000277778,22.28127498
652,0.001018519,0.003981481,0.004722222,0.000277778,21.768227
653,0.001759259,0.003981481,0.004722222,0.000277778,22.10330788
654,0.0025,0.003981481,0.004722222,0.000277778,23.24987641
655,0.003240741,0.003981481,0.004722222,0.000277778,25.09695813
656,0.003981481,0.003981481,0.004722222,0.000277778,27.50377943
657,0.004722222,0.003981481,0.004722222,0.000277778,30.33741056
658,0.005462963,0.003981481,0.004722222,0.000277778,33.48968643
659,0.006203704,0.003981481,0.004722222,0.000277778,36.87898773
660,0.006944444,0.003981481,0.004722222,0.000277778,40.44577104
661,0.000277778,0.004722222,0.004722222,0.000277778,26.8392981
662,0.001018519,0.004722222,0.004722222,0.000277778,24.69089332
663,0.001759259,0.004722222,0.004722222,0.000277778,23.01027453
664,0.0025,0.004722222,0.004722222,0.000277778,21.90537575
665,0.003240741,0.004722222,0.004722222,0.000277778,21.46528525
666,0.003981481,0.004722222,0.004722222,0.000277778,21.73043226
667,0.004722222,0.004722222,0.004722222,0.000277778,22.67609166
668,0.005462963,0.004722222,0.004722222,0.000277778,24.22269207
669,0.006203704,0.004722222,0.004722222,0.000277778,26.26428602
670,0.006944444,0.004722222,0.004722222,0.000277778,28.69541533
671,0.000277778,0.005462963,0.004722222,0.000277778,33.16738347
672,0.001018519,0.005462963,0.004722222,0.000277778,30.51093822
673,0.001759259,0.005462963,0.004722222,0.000277778,28.05595521
674,0.0025,0.005462963,0.004722222,0.000277778,25.85987513
675,0.003240741,0.005462963,0.004722222,0.000277778,23.99389314
676,0.003981481,0.005462963,0.004722222,0.000277778,22.54014023
677,0.004722222,0.005462963,0.004722222,0.000277778,21.58208012
678,0.005462963,0.005462963,0.004722222,0.000277778,21.18706422
679,0.006203704,0.005462963,0.004722222,0.000277778,21.38631445
680,0.006944444,0.005462963,0.004722222,0.000277778,22.16380942
681,0.000277778,0.006203704,0.004722222,0.000277778,39.42662175
682,0.001018519,0.006203704,0.004722222,0.000277778,36.69738492
683,0.001759259,0.006203704,0.004722222,0.000277778,34.06325653
684,0.0025,0.006203704,0.004722222,0.000277778,31.54806904
685,0.003240741,0.006203704,0.004722222,0.000277778,29.18259247
686,0.003981481,0.006203704,0.004722222,0.000277778,27.00619512
687,0.004722222,0.006203704,0.004722222,0.000277778,25.06817256
688,0.005462963,0.006203704,0.004722222,0.000277778,23.42775715
689,0.006203704,0.006203704,0.004722222,0.000277778,22.15116618
690,0.006944444,0.006203704,0.004722222,0.000277778,21.30390457
691,0.000277778,0.006944444,0.004722222,0.000277778,45.13313654
692,0.001018519,0.006944444,0.004722222,0.000277778,42.47471024
693,0.001759259,0.006944444,0.004722222,0.000277778,39.86738221
694,0.0025,0.006944444,0.004722222,0.000277778,37.32186326
695,0.003240741,0.006944444,0.004722222,0.000277778,34.85169936
696,0.003981481,0.006944444,0.004722222,0.000277778,32.47409087
697,0.004722222,0.006944444,0.004722222,0.000277778,30.21089813
698,0.005462963,0.006944444,0.004722222,0.000277778,28.08979017
699,0.006203704,0.006944444,0.004722222,0.000277778,26.14537084
700,0.006944444,0.006944444,0.004722222,0.000277778,24.41988287
701,0.000277778,0.000277778,0.005462963,0.000277778,118.7519151
702,0.001018519,0.000277778,0.005462963,0.000277778,126.7891977
703,0.001759259,0.000277778,0.005462963,0.000277778,134.8458278
704,0.0025,0.000277778,0.005462963,0.000277778,142.9185333
705,0.003240741,0.000277778,0.005462963,0.000277778,151.0047362
706,0.003981481,0.000277778,0.005462963,0.000277778,159.1023785
707,0.004722222,0.000277778,0.005462963,0.000277778,167.2097981
708,0.005462963,0.000277778,0.005462963,0.000277778,175.3256389
709,0.006203704,0.000277778,0.005462963,0.000277778,183.448783
710,0.006944444,0.000277778,0.005462963,0.000277778,191.5783015
711,0.000277778,0.001018519,0.005462963,0.000277778,83.60955387
712,0.001018519,0.001018519,0.005462963,0.000277778,90.3950431
713,0.001759259,0.001018519,0.005462963,0.000277778,97.21908093
714,0.0025,0.001018519,0.005462963,0.000277778,104.0740849
715,0.003240741,0.001018519,0.005462963,0.000277778,110.9543156
716,0.003981481,0.001018519,0.005462963,0.000277778,117.8553551
717,0.004722222,0.001018519,0.005462963,0.000277778,124.7737506
718,0.005462963,0.001018519,0.005462963,0.000277778,131.7067673
719,0.006203704,0.001018519,0.005462963,0.000277778,138.6522117
720,0.006944444,0.001018519,0.005462963,0.000277778,145.6083055
721,0.000277778,0.001759259,0.005462963,0.000277778,57.19195265
722,0.001018519,0.001759259,0.005462963,0.000277778,62.84508575
723,0.001759259,0.001759259,0.005462963,0.000277778,68.58294236
724,0.0025,0.001759259,0.005462963,0.000277778,74.38591929
725,0.003240741,0.001759259,0.005462963,0.000277778,80.23988919
726,0.003981481,0.001759259,0.005462963,0.000277778,86.13445578
727,0.004722222,0.001759259,0.005462963,0.000277778,92.06182136
728,0.005462963,0.001759259,0.005462963,0.000277778,98.01603571
729,0.006203704,0.001759259,0.005462963,0.000277778,103.9924872
730,0.006944444,0.001759259,0.005462963,0.000277778,109.9875508
731,0.000277778,0.0025,0.005462963,0.000277778,37.99535931
732,0.001018519,0.0025,0.005462963,0.000277778,42.41392166
733,0.001759259,0.0025,0.005462963,0.000277778,47.04027321
734,0.0025,0.0025,0.005462963,0.000277778,51.81878992
735,0.003240741,0.0025,0.005462963,0.000277778,56.71102015
736,0.003981481,0.0025,0.005462963,0.000277778,61.68991617
737,0.004722222,0.0025,0.005462963,0.000277778,66.73608348
738,0.005462963,0.0025,0.005462963,0.000277778,71.83534682
739,0.006203704,0.0025,0.005462963,0.000277778,76.97715505
740,0.006944444,0.0025,0.005462963,0.000277778,82.15352018
741,0.000277778,0.003240741,0.005462963,0.000277778,26.03533353
742,0.001018519,0.003240741,0.005462963,0.000277778,28.66996823
743,0.001759259,0.003240741,0.005462963,0.000277778,31.81832732
744,0.0025,0.003240741,0.005462963,0.000277778,35.34339001
745,0.003240741,0.003240741,0.005462963,0.000277778,39.14351633
746,0.003981481,0.003240741,0.005462963,0.000277778,43.14608804
747,0.004722222,0.003240741,0.005462963,0.000277778,47.29973937
748,0.005462963,0.003240741,0.005462963,0.000277778,51.56797616
749,0.006203704,0.003240741,0.005462963,0.000277778,55.92456862
750,0.006944444,0.003240741,0.005462963,0.000277778,60.35038504
751,0.000277778,0.003981481,0.005462963,0.000277778,22.51365473
752,0.001018519,0.003981481,0.005462963,0.000277778,22.61516447
753,0.001759259,0.003981481,0.005462963,0.000277778,23.52289735
754,0.0025,0.003981481,0.005462963,0.000277778,25.14970689
755,0.003240741,0.003981481,0.005462963,0.000277778,27.36766038
756,0.003981481,0.003981481,0.005462963,0.000277778,30.04613009
757,0.004722222,0.003981481,0.005462963,0.000277778,33.07341913
758,0.005462963,0.003981481,0.005462963,0.000277778,36.36251083
759,0.006203704,0.003981481,0.005462963,0.000277778,39.84863054
760,0.006944444,0.003981481,0.005462963,0.000277778,43.48441719
761,0.000277778,0.004722222,0.005462963,0.000277778,25.79639035
762,0.001018519,0.004722222,0.005462963,0.000277778,24.02188151
763,0.001759259,0.004722222,0.005462963,0.000277778,22.78569856
764,0.0025,0.004722222,0.005462963,0.000277778,22.17804225
765,0.003240741,0.004722222,0.005462963,0.000277778,22.25046715
766,0.003981481,0.004722222,0.005462963,0.000277778,22.99654866
767,0.004722222,0.004722222,0.005462963,0.000277778,24.35445428
768,0.005462963,0.004722222,0.005462963,0.000277778,26.2293322
769,0.006203704,0.004722222,0.005462963,0.000277778,28.51940608
770,0.006944444,0.004722222,0.005462963,0.000277778,31.13318825
771,0.000277778,0.005462963,0.005462963,0.000277778,31.64274512
772,0.001018519,0.005462963,0.005462963,0.000277778,29.16610314
773,0.001759259,0.005462963,0.005462963,0.000277778,26.93393905
774,0.0025,0.005462963,0.005462963,0.000277778,25.01179362
775,0.003240741,0.005462963,0.005462963,0.000277778,23.4759412
776,0.003981481,0.005462963,0.005462963,0.000277778,22.40596031
777,0.004722222,0.005462963,0.005462963,0.000277778,21.87033485
778,0.005462963,0.005462963,0.005462963,0.000277778,21.90829257
779,0.006203704,0.005462963,0.005462963,0.000277778,22.51693289
780,0.006944444,0.005462963,0.005462963,0.000277778,23.65224086
781,0.000277778,0.006203704,0.005462963,0.000277778,37.76497801
782,0.001018519,0.006203704,0.005462963,0.000277778,35.12923748
783,0.001759259,0.006203704,0.005462963,0.000277778,32.60829522
784,0.0025,0.006203704,0.005462963,0.000277778,30.23088382
785,0.003240741,0.006203704,0.005462963,0.000277778,28.03354392
786,0.003981481,0.006203704,0.005462963,0.000277778,26.06186221
787,0.004722222,0.006203704,0.005462963,0.000277778,24.37067024
788,0.005462963,0.006203704,0.005462963,0.000277778,23.02186574
789,0.006203704,0.006203704,0.005462963,0.000277778,22.07828946
790,0.006944444,0.006203704,0.005462963,0.000277778,21.59312986
791,0.000277778,0.006944444,0.005462963,0.000277778,43.46476892
792,0.001018519,0.006944444,0.005462963,0.000277778,40.86074981
793,0.001759259,0.006944444,0.005462963,0.000277778,38.3173821
794,0.0025,0.006944444,0.005462963,0.000277778,35.84757768
795,0.003240741,0.006944444,0.005462963,0.000277778,33.46762672
796,0.003981481,0.006944444,0.005462963,0.000277778,31.19809945
797,0.004722222,0.006944444,0.005462963,0.000277778,29.06487466
798,0.005462963,0.006944444,0.005462963,0.000277778,27.10015916
799,0.006203704,0.006944444,0.005462963,0.000277778,25.34317408
800,0.006944444,0.006944444,0.005462963,0.000277778,23.83989256
801,0.000277778,0.000277778,0.006203704,0.000277778,124.5533707
802,0.001018519,0.000277778,0.006203704,0.000277778,132.5952003
803,0.001759259,0.000277778,0.006203704,0.000277778,140.6550584
804,0.0025,0.000277778,0.006203704,0.000277778,148.7300139
805,0.003240741,0.000277778,0.006203704,0.000277778,156.8177347
806,0.003981481,0.000277778,0.006203704,0.000277778,164.9163427
807,0.004722222,0.000277778,0.006203704,0.000277778,173.0243091
808,0.005462963,0.000277778,0.006203704,0.000277778,181.1403772
809,0.006203704,0.000277778,0.006203704,0.000277778,189.2635049
810,0.006944444,0.000277778,0.006203704,0.000277778,197.3928205
811,0.000277778,0.001018519,0.006203704,0.000277778,88.64134468
812,0.001018519,0.001018519,0.006203704,0.000277778,95.4399407
813,0.001759259,0.001018519,0.006203704,0.000277778,102.2734381
814,0.0025,0.001018519,0.006203704,0.000277778,109.135281
815,0.003240741,0.001018519,0.006203704,0.000277778,116.0204402
816,0.003981481,0.001018519,0.006203704,0.000277778,122.9249978
817,0.004722222,0.001018519,0.006203704,0.000277778,129.8458594
818,0.005462963,0.001018519,0.006203704,0.000277778,136.78055
819,0.006203704,0.001018519,0.006203704,0.000277778,143.7270681
820,0.006944444,0.001018519,0.006203704,0.000277778,150.6837778
821,0.000277778,0.001759259,0.006203704,0.000277778,61.53403742
822,0.001018519,0.001759259,0.006203704,0.000277778,67.22504335
823,0.001759259,0.001759259,0.006203704,0.000277778,72.98975935
824,0.0025,0.001759259,0.006203704,0.000277778,78.81201248
825,0.003240741,0.001759259,0.006203704,0.000277778,84.67993551
826,0.003981481,0.001759259,0.006203704,0.000277778,90.5846536
827,0.004722222,0.001759259,0.006203704,0.000277778,96.51941403
828,0.005462963,0.001759259,0.006203704,0.000277778,102.4789975
829,0.006203704,0.001759259,0.006203704,0.000277778,108.4593121
830,0.006944444,0.001759259,0.006203704,0.000277778,114.4571085
831,0.000277778,0.0025,0.006203704,0.000277778,41.5856701
832,0.001018519,0.0025,0.006203704,0.000277778,46.11898216
833,0.001759259,0.0025,0.006203704,0.000277778,50.82426788
834,0.0025,0.0025,0.006203704,0.000277778,55.6579287
835,0.003240741,0.0025,0.006203704,0.000277778,60.58924807
836,0.003981481,0.0025,0.006203704,0.000277778,65.59620468
837,0.004722222,0.0025,0.006203704,0.000277778,70.66272205
838,0.005462963,0.0025,0.006203704,0.000277778,75.77685424
839,0.006203704,0.0025,0.006203704,0.000277778,80.92957508
840,0.006944444,0.0025,0.006203704,0.000277778,86.11395786
841,0.000277778,0.003240741,0.006203704,0.000277778,28.48224546
842,0.001018519,0.003240741,0.006203704,0.000277778,31.44826892
843,0.001759259,0.003240741,0.006203704,0.000277778,34.82900111
844,0.0025,0.003240741,0.006203704,0.000277778,38.51539184
845,0.003240741,0.003240741,0.006203704,0.000277778,42.4278433
846,0.003981481,0.003240741,0.006203704,0.000277778,46.50934051
847,0.004722222,0.003240741,0.006203704,0.000277778,50.71908923
848,0.005462963,0.003240741,0.006203704,0.000277778,55.02766266
849,0.006203704,0.003240741,0.006203704,0.000277778,59.4135649
850,0.006944444,0.003240741,0.006203704,0.000277778,63.86086531
851,0.000277778,0.003981481,0.006203704,0.000277778,23.19949511
852,0.001018519,0.003981481,0.006203704,0.000277778,23.87421437
853,0.001759259,0.003981481,0.006203704,0.000277778,25.27923398
854,0.0025,0.003981481,0.006203704,0.000277778,27.30203748
855,0.003240741,0.003981481,0.006203704,0.000277778,29.817157
856,0.003981481,0.003981481,0.006203704,0.000277778,32.71122856
857,0.004722222,0.003981481,0.006203704,0.000277778,35.89270283
858,0.005462963,0.003981481,0.006203704,0.000277778,39.29182842
859,0.006203704,0.003981481,0.006203704,0.000277778,42.85684852
860,0.006944444,0.003981481,0.006203704,0.000277778,46.54966349
861,0.000277778,0.004722222,0.006203704,0.000277778,25.05801587
862,0.001018519,0.004722222,0.006203704,0.000277778,23.7024459
863,0.001759259,0.004722222,0.006203704,0.000277778,22.94009494
864,0.0025,0.004722222,0.006203704,0.000277778,22.83046652
865,0.003240741,0.004722222,0.006203704,0.000277778,23.38274317
866,0.003981481,0.004722222,0.006203704,0.000277778,24.552299
867,0.004722222,0.004722222,0.006203704,0.000277778,26.25677675
868,0.005462963,0.004722222,0.006203704,0.000277778,28.40002634
869,0.006203704,0.004722222,0.006203704,0.000277778,30.89085461
870,0.006944444,0.004722222,0.006203704,0.000277778,33.65216979
871,0.000277778,0.005462963,0.006203704,0.000277778,30.2819566
872,0.001018519,0.005462963,0.006203704,0.000277778,28.01698373
873,0.001759259,0.005462963,0.006203704,0.000277778,26.04386888
874,0.0025,0.005462963,0.006203704,0.000277778,24.43342142
875,0.003240741,0.005462963,0.006203704,0.000277778,23.26108996
876,0.003981481,0.005462963,0.006203704,0.000277778,22.59517153
877,0.004722222,0.005462963,0.006203704,0.000277778,22.48071383
878,0.005462963,0.005462963,0.006203704,0.000277778,22.92597783
879,0.006203704,0.005462963,0.006203704,0.000277778,23.89970025
880,0.006944444,0.005462963,0.006203704,0.000277778,25.34103651
881,0.000277778,0.006203704,0.006203704,0.000277778,36.19759779
882,0.001018519,0.006203704,0.006203704,0.000277778,33.6714427
883,0.001759259,0.006203704,0.006203704,0.000277778,31.28312404
884,0.0025,0.006203704,0.006203704,0.000277778,29.06663851
885,0.003240741,0.006203704,0.006203704,0.000277778,27.06423706
886,0.003981481,0.006203704,0.006203704,0.000277778,25.3267489
887,0.004722222,0.006203704,0.006203704,0.000277778,23.91199115
888,0.005462963,0.006203704,0.006203704,0.000277778,22.87990954
889,0.006203704,0.006203704,0.006203704,0.000277778,22.28373911
890,0.006944444,0.006203704,0.006203704,0.000277778,22.15869188
891,0.000277778,0.006944444,0.006203704,0.000277778,41.85624153
892,0.001018519,0.006944444,0.006203704,0.000277778,39.31505354
893,0.001759259,0.006944444,0.006203704,0.000277778,36.84573343
894,0.0025,0.006944444,0.006203704,0.000277778,34.46373265
895,0.003240741,0.006944444,0.006203704,0.000277778,32.18844237
896,0.003981481,0.006944444,0.006203704,0.000277778,30.04411648
897,0.004722222,0.006944444,0.006203704,0.000277778,28.06079482
898,0.005462963,0.006944444,0.006203704,0.000277778,26.27496214
899,0.006203704,0.006944444,0.006203704,0.000277778,24.72944041
900,0.006944444,0.006944444,0.006203704,0.000277778,23.47174832
901,0.000277778,0.000277778,0.006944444,0.000277778,130.3571591
902,0.001018519,0.000277778,0.006944444,0.000277778,138.4030189
903,0.001759259,0.000277778,0.006944444,0.000277778,146.465749
904,0.0025,0.000277778,0.006944444,0.000277778,154.542709
905,0.003240741,0.000277778,0.006944444,0.000277778,162.6317787
906,0.003981481,0.000277778,0.006944444,0.000277778,170.7312371
907,0.004722222,0.000277778,0.006944444,0.000277778,178.8396725
908,0.005462963,0.000277778,0.006944444,0.000277778,186.9559169
909,0.006203704,0.000277778,0.006944444,0.000277778,195.0789958
910,0.006944444,0.000277778,0.006944444,0.000277778,203.2080894
911,0.000277778,0.001018519,0.006944444,0.000277778,93.67927347
912,0.001018519,0.001018519,0.006944444,0.000277778,100.4892459
913,0.001759259,0.001018519,0.006944444,0.000277778,107.3310318
914,0.0025,0.001018519,0.006944444,0.000277778,114.1989132
915,0.003240741,0.001018519,0.006944444,0.000277778,121.08845
916,0.003981481,0.001018519,0.006944444,0.000277778,127.9961455
917,0.004722222,0.001018519,0.006944444,0.000277778,134.9192104
918,0.005462963,0.001018519,0.006944444,0.000277778,141.8553946
919,0.006203704,0.001018519,0.006944444,0.000277778,148.8028635
920,0.006944444,0.001018519,0.006944444,0.000277778,155.7601071
921,0.000277778,0.001759259,0.006944444,0.000277778,65.8954805
922,0.001018519,0.001759259,0.006944444,0.000277778,71.61819865
923,0.001759259,0.001759259,0.006944444,0.000277778,77.40573772
924,0.0025,0.001759259,0.006944444,0.000277778,83.24457886
925,0.003240741,0.001759259,0.006944444,0.000277778,89.12463976
926,0.003981481,0.001759259,0.006944444,0.000277778,95.03826987
927,0.004722222,0.001759259,0.006944444,0.000277778,100.9795717
928,0.005462963,0.001759259,0.006944444,0.000277778,106.9439333
929,0.006203704,0.001759259,0.006944444,0.000277778,112.9277011
930,0.006944444,0.001759259,0.006944444,0.000277778,118.9279458
931,0.000277778,0.0025,0.006944444,0.000277778,45.24324173
932,0.001018519,0.0025,0.006944444,0.000277778,49.86825259
933,0.001759259,0.0025,0.006944444,0.000277778,54.63778403
934,0.0025,0.0025,0.006944444,0.000277778,59.51710176
935,0.003240741,0.0025,0.006944444,0.000277778,64.48128794
936,0.003981481,0.0025,0.006944444,0.000277778,69.51216237
937,0.004722222,0.0025,0.006944444,0.000277778,74.59623364
938,0.005462963,0.0025,0.006944444,0.000277778,79.72332508
939,0.006203704,0.0025,0.006944444,0.000277778,84.88564179
940,0.006944444,0.0025,0.006944444,0.000277778,90.0771277
941,0.000277778,0.003240741,0.006944444,0.000277778,31.14924244
942,0.001018519,0.003240741,0.006944444,0.000277778,34.3752446
943,0.001759259,0.003240741,0.006944444,0.000277778,37.93876603
944,0.0025,0.003240741,0.006944444,0.000277778,41.75347749
945,0.003240741,0.003240741,0.006944444,0.000277778,45.7565972
946,0.003981481,0.003240741,0.006944444,0.000277778,49.90280433
947,0.004722222,0.003240741,0.006944444,0.000277778,54.15924633
948,0.005462963,0.003240741,0.006944444,0.000277778,58.50186693
949,0.006203704,0.003240741,0.006944444,0.000277778,62.91282298
950,0.006944444,0.003240741,0.006944444,0.000277778,67.37869504
951,0.000277778,0.003981481,0.006944444,0.000277778,24.30043184
952,0.001018519,0.003981481,0.006944444,0.000277778,25.48436872
953,0.001759259,0.003981481,0.006944444,0.000277778,27.30741898
954,0.0025,0.003981481,0.006944444,0.000277778,29.65193475
955,0.003240741,0.003981481,0.006944444,0.000277778,32.404928
956,0.003981481,0.003981481,0.006944444,0.000277778,35.47141813
957,0.004722222,0.003981481,0.006944444,0.000277778,38.77710239
958,0.005462963,0.003981481,0.006944444,0.000277778,42.26589473
959,0.006203704,0.003981481,0.006944444,0.000277778,45.89605719
960,0.006944444,0.003981481,0.006944444,0.000277778,49.63658222
961,0.000277778,0.004722222,0.006944444,0.000277778,24.65155442
962,0.001018519,0.004722222,0.006944444,0.000277778,23.74669797
963,0.001759259,0.004722222,0.006944444,0.000277778,23.46598442
964,0.0025,0.004722222,0.006944444,0.000277778,23.83147953
965,0.003240741,0.004722222,0.006944444,0.000277778,24.81464567
966,0.003981481,0.004722222,0.006944444,0.000277778,26.34642469
967,0.004722222,0.004722222,0.006944444,0.000277778,28.33799181
968,0.005462963,0.004722222,0.006944444,0.000277778,30.69999506
969,0.006203704,0.004722222,0.006944444,0.000277778,33.35382804
970,0.006944444,0.004722222,0.006944444,0.000277778,36.23542776
971,0.000277778,0.005462963,0.006944444,0.000277778,29.10800673
972,0.001018519,0.005462963,0.006944444,0.000277778,27.08849878
973,0.001759259,0.005462963,0.006944444,0.000277778,25.41013033
974,0.0025,0.005462963,0.006944444,0.000277778,24.14414895
975,0.003240741,0.005462963,0.006944444,0.000277778,23.35770495
976,0.003981481,0.005462963,0.006944444,0.000277778,23.09982856
977,0.004722222,0.005462963,0.006944444,0.000277778,23.38801031
978,0.005462963,0.005462963,0.006944444,0.000277778,24.20275232
979,0.006203704,0.005462963,0.006944444,0.000277778,25.49362
980,0.006944444,0.005462963,0.006944444,0.000277778,27.19289152
981,0.000277778,0.006203704,0.006944444,0.000277778,34.73724326
982,0.001018519,0.006203704,0.006944444,0.000277778,32.33892765
983,0.001759259,0.006203704,0.006944444,0.000277778,30.10488736
984,0.0025,0.006203704,0.006944444,0.000277778,28.07436683
985,0.003240741,0.006203704,0.006944444,0.000277778,26.29455707
986,0.003981481,0.006203704,0.006944444,0.000277778,24.81945243
987,0.004722222,0.006203704,0.006944444,0.000277778,23.70600209
988,0.005462963,0.006203704,0.006944444,0.000277778,23.00677465
989,0.006203704,0.006203704,0.006944444,0.000277778,22.7599792
990,0.006944444,0.006203704,0.006944444,0.000277778,22.98019703
991,0.000277778,0.006944444,0.006944444,0.000277778,40.31471775
992,0.001018519,0.006944444,0.006944444,0.000277778,37.84598642
993,0.001759259,0.006944444,0.006944444,0.000277778,35.46219209
994,0.0025,0.006944444,0.006944444,0.000277778,33.18164561
995,0.003240741,0.006944444,0.006944444,0.000277778,31.02712202
996,0.003981481,0.006944444,0.006944444,0.000277778,29.02669728
997,0.004722222,0.006944444,0.006944444,0.000277778,27.21437429
998,0.005462963,0.006944444,0.006944444,0.000277778,25.63008659
999,0.006203704,0.006944444,0.006944444,0.000277778,24.31844296
1000,0.006944444,0.006944444,0.006944444,0.000277778,23.32548297
