0,1,2,3,GPR-y
0.005462963,0.0025,0.0025,0.000277778,56.13984325893762
0.001018519,0.001018519,0.003981481,0.000277778,80.32179094856292
0.001018519,0.0025,0.001018519,0.000277778,22.359139691867313
0.003981481,0.0025,0.001018519,0.000277778,38.61938383025699
0.003240741,0.004722222,0.003240741,0.000277778,21.07468999881644
0.001759259,0.001759259,0.001759259,0.000277778,46.77680345220142
0.004722222,0.001018519,0.0025,0.000277778,104.5013570302981
0.001018519,0.0025,0.003240741,0.000277778,31.718379968977388
0.006944444,0.001759259,0.006203704,0.000277778,114.45710944387247
0.001759259,0.001018519,0.004722222,0.000277778,92.16849172710045
0.005462963,0.001759259,0.0025,0.000277778,80.1905197103215
0.001018519,0.006944444,0.005462963,0.000277778,40.86074983342132
0.001018519,0.005462963,0.001759259,0.000277778,37.38176540596214
0.001018519,0.001018519,0.004722222,0.000277778,85.35533571306041
0.003240741,0.003981481,0.006203704,0.000277778,29.817157051108097
0.0025,0.000277778,0.001018519,0.000277778,108.08612138494755
0.006203704,0.003981481,0.000277778,0.000277778,20.8021703782033
0.001018519,0.006203704,0.005462963,0.000277778,35.1292375746234
0.005462963,0.003981481,0.003240741,0.000277778,27.98285824337745
0.001018519,0.004722222,0.003240741,0.000277778,26.960205739428602
0.001759259,0.0025,0.003981481,0.000277778,39.594654362615984
0.0025,0.003981481,0.003240741,0.000277778,20.481265655515017
0.003240741,0.000277778,0.006203704,0.000277778,156.81773460973432
0.005462963,0.004722222,0.003240741,0.000277778,20.887662200019122
0.0025,0.004722222,0.000277778,0.000277778,27.784186672026408
0.001759259,0.0025,0.0025,0.000277778,32.40578975250355
0.001759259,0.006203704,0.003240741,0.000277778,37.30049472400515
0.001759259,0.0025,0.004722222,0.000277778,43.29353987079958
0.003981481,0.005462963,0.0025,0.000277778,24.76739849923615
0.006203704,0.001018519,0.003240741,0.000277778,123.43443494567964
0.003981481,0.0025,0.0025,0.000277778,46.2104293267912
0.000277778,0.000277778,0.001018519,0.000277778,84.01922457238652
0.003981481,0.001018519,0.000277778,0.000277778,82.43331070816566
0.003240741,0.004722222,0.0025,0.000277778,21.490728930370096
0.000277778,0.004722222,0.000277778,0.000277778,37.602512687881244
0.000277778,0.006944444,0.005462963,0.000277778,43.46476890790109
0.005462963,0.006203704,0.006944444,0.000277778,23.006774510795367
0.000277778,0.003981481,0.006944444,0.000277778,24.300432125972293
0.0025,0.001759259,0.001018519,0.000277778,48.065361828435925
0.001759259,0.006944444,0.003981481,0.000277778,41.48695282689823
0.003981481,0.001759259,0.005462963,0.000277778,86.13445446922924
0.001018519,0.001018519,0.005462963,0.000277778,90.39504216106025
0.000277778,0.0025,0.001759259,0.000277778,22.203134696614143
0.0025,0.003981481,0.006203704,0.000277778,27.30203767468538
0.0025,0.0025,0.005462963,0.000277778,51.818789432914855
0.0025,0.003981481,0.000277778,0.000277778,20.70369683869467
0.006203704,0.003240741,0.006203704,0.000277778,59.41356367060507
0.001018519,0.0025,0.000277778,0.000277778,19.873294978973718
0.001759259,0.000277778,0.000277778,0.000277778,94.24476377018891
0.000277778,0.006203704,0.006944444,0.000277778,34.73724324939394
0.001759259,0.005462963,0.006203704,0.000277778,26.043868745331565
0.004722222,0.001018519,0.003981481,0.000277778,114.63391924113603
0.001759259,0.001018519,0.003240741,0.000277778,82.08140478107453
0.0025,0.001018519,0.001018519,0.000277778,73.78612547233661
0.001018519,0.001018519,0.001759259,0.000277778,65.27241866840814
0.0025,0.003240741,0.003981481,0.000277778,29.28321576133385
0.001018519,0.003981481,0.004722222,0.000277778,21.768228471657494
0.003240741,0.006944444,0.001018519,0.000277778,42.96540384276568
0.006944444,0.006944444,0.003981481,0.000277778,25.197094660553944
0.003240741,0.003240741,0.000277778,0.000277778,19.35742098958508
0.000277778,0.0025,0.001018519,0.000277778,19.96077797604994
0.0025,0.003981481,0.003981481,0.000277778,21.669061448195862
0.001759259,0.000277778,0.006203704,0.000277778,140.65505874330256
0.006944444,0.005462963,0.001759259,0.000277778,19.076532197641427
0.003240741,0.006944444,0.003981481,0.000277778,36.32867394864206
0.005462963,0.006203704,0.006203704,0.000277778,22.879909730532745
0.000277778,0.003240741,0.005462963,0.000277778,26.03533255160437
0.001759259,0.003240741,0.006203704,0.000277778,34.829001973535014
0.001759259,0.001018519,0.001759259,0.000277778,72.01968049259449
0.003981481,0.000277778,0.003981481,0.000277778,147.4776803782588
0.001759259,0.004722222,0.001018519,0.000277778,29.001113983107643
0.001018519,0.004722222,0.003981481,0.000277778,25.682177990665878
0.003981481,0.006203704,0.003981481,0.000277778,28.13869103318393
0.001759259,0.006203704,0.001018519,0.000277778,42.7830569389007
0.003240741,0.003981481,0.001018519,0.000277778,18.663790651353338
0.005462963,0.001759259,0.006944444,0.000277778,106.94393203312211
0.006203704,0.000277778,0.001018519,0.000277778,148.5816530341026
0.001018519,0.000277778,0.005462963,0.000277778,126.78919815465645
0.003981481,0.001018519,0.006203704,0.000277778,122.9249970529745
0.003240741,0.006944444,0.0025,0.000277778,39.51903151814531
0.006944444,0.006203704,0.006203704,0.000277778,22.158691991948217
0.005462963,0.0025,0.001018519,0.000277778,48.35843737274172
0.000277778,0.005462963,0.006203704,0.000277778,30.281956450360667
0.0025,0.006203704,0.006203704,0.000277778,29.066638582302403
0.006944444,0.003981481,0.0025,0.000277778,31.566008938565574
0.006203704,0.000277778,0.006203704,0.000277778,189.2635043273367
0.004722222,0.003981481,0.006203704,0.000277778,35.89270370091981
0.001018519,0.005462963,0.006944444,0.000277778,27.088498693668953
0.003981481,0.0025,0.000277778,0.000277778,34.88949815577507
0.003981481,0.006944444,0.004722222,0.000277778,32.47409079492536
0.003240741,0.006203704,0.004722222,0.000277778,29.182592389155616
0.006203704,0.006944444,0.001759259,0.000277778,30.89535791270191
0.001018519,0.006203704,0.003240741,0.000277778,40.11209135891454
0.001018519,0.004722222,0.006944444,0.000277778,23.746698194296187
0.005462963,0.001759259,0.000277778,0.000277778,66.8637654635977
0.003240741,0.001018519,0.006203704,0.000277778,116.02044029501849
0.000277778,0.0025,0.003240741,0.000277778,27.88654499769109
0.003240741,0.005462963,0.000277778,0.000277778,32.07314594544914
0.000277778,0.0025,0.0025,0.000277778,24.887511803352936
0.005462963,0.003981481,0.001759259,0.000277778,22.984595669724513
0.006203704,0.003981481,0.003240741,0.000277778,31.099517681437646
0.000277778,0.005462963,0.001018519,0.000277778,42.571341997607306
0.001018519,0.000277778,0.000277778,0.000277778,86.22882734509858
0.001759259,0.005462963,0.005462963,0.000277778,26.93393920473318
0.001018519,0.003240741,0.006203704,0.000277778,31.448268009909953
0.006203704,0.004722222,0.001759259,0.000277778,19.21153877801953
0.001759259,0.006944444,0.005462963,0.000277778,38.3173820294669
0.0025,0.006203704,0.005462963,0.000277778,30.230883687807363
0.004722222,0.006203704,0.000277778,0.000277778,33.081750425209066
0.006944444,0.006203704,0.000277778,0.000277778,25.26858894472082
0.003981481,0.000277778,0.000277778,0.000277778,118.44217780301005
0.005462963,0.005462963,0.006203704,0.000277778,22.92597739360508
0.001018519,0.006944444,0.003240741,0.000277778,45.87831054443018
0.001759259,0.006203704,0.005462963,0.000277778,32.608295232339515
0.004722222,0.001759259,0.003981481,0.000277778,83.1559813901008
0.000277778,0.003240741,0.004722222,0.000277778,23.876268879779673
0.004722222,0.000277778,0.001018519,0.000277778,132.34692457271558
0.006944444,0.000277778,0.006944444,0.000277778,203.20808912559187
0.005462963,0.006944444,0.001759259,0.000277778,33.365161364854885
0.006203704,0.001018519,0.000277778,0.000277778,103.16614786578384
0.0025,0.003981481,0.005462963,0.000277778,25.14970672880736
0.004722222,0.005462963,0.005462963,0.000277778,21.870334309408463
0.005462963,0.005462963,0.004722222,0.000277778,21.18706371976441
0.006203704,0.001759259,0.001018519,0.000277778,77.23956894159073
0.001018519,0.006944444,0.000277778,0.000277778,53.227139829335556
0.003981481,0.000277778,0.005462963,0.000277778,159.10237791039071
0.004722222,0.005462963,0.0025,0.000277778,22.704263422412623
0.006203704,0.005462963,0.001759259,0.000277778,20.106690602290655
0.003981481,0.003240741,0.001759259,0.000277778,27.17489452035261
0.0025,0.006203704,0.003981481,0.000277778,32.999885444329266
0.000277778,0.006203704,0.001018519,0.000277778,48.79390420067102
0.005462963,0.003981481,0.0025,0.000277778,25.400683977799417
0.006203704,0.005462963,0.0025,0.000277778,19.893075908429637
0.005462963,0.001018519,0.005462963,0.000277778,131.70676900106628
0.003981481,0.0025,0.006203704,0.000277778,65.59620372320205
0.001759259,0.003981481,0.006944444,0.000277778,27.30741932908859
0.003240741,0.003981481,0.001759259,0.000277778,19.0461558066836
0.005462963,0.004722222,0.004722222,0.000277778,24.22269294501166
0.003981481,0.006944444,0.001018519,0.000277778,40.241556029860476
0.003240741,0.0025,0.003981481,0.000277778,49.009106534409966
0.006944444,0.003240741,0.005462963,0.000277778,60.35038384683139
0.003981481,0.003240741,0.001018519,0.000277778,24.30565548177219
0.001759259,0.004722222,0.004722222,0.000277778,23.01027517589955
0.004722222,0.006944444,0.006944444,0.000277778,27.214374250102082
0.004722222,0.001759259,0.005462963,0.000277778,92.06182308757707
0.006944444,0.000277778,0.006203704,0.000277778,197.39282089429616
0.0025,0.005462963,0.001018519,0.000277778,33.20592504306842
0.004722222,0.001759259,0.001018519,0.000277778,65.39948430161712
0.005462963,0.003240741,0.000277778,0.000277778,28.206162431677512
0.000277778,0.001759259,0.003240741,0.000277778,44.33863161257432
0.0025,0.006944444,0.000277778,0.000277778,47.56242194067954
0.006944444,0.001018519,0.001759259,0.000277778,120.24759626173773
0.001759259,0.001018519,0.006944444,0.000277778,107.33103219317172
0.004722222,0.006944444,0.0025,0.000277778,34.350091824450374
0.006203704,0.005462963,0.000277778,0.000277778,21.56396937567024
0.006944444,0.001759259,0.005462963,0.000277778,109.98754953952448
0.001018519,0.006203704,0.004722222,0.000277778,36.69738469130607
0.004722222,0.005462963,0.000277778,0.000277778,26.383541174274797
0.000277778,0.0025,0.004722222,0.000277778,34.49331752823127
0.001018519,0.003240741,0.006944444,0.000277778,34.37524507187845
0.000277778,0.001759259,0.006944444,0.000277778,65.89548009192822
0.003981481,0.004722222,0.0025,0.000277778,20.15912739833766
0.003240741,0.003240741,0.005462963,0.000277778,39.143516470741815
0.004722222,0.001018519,0.003240741,0.000277778,109.56660338832808
0.003981481,0.006203704,0.004722222,0.000277778,27.0061953473014
0.003240741,0.003240741,0.001759259,0.000277778,24.025801250996665
0.006944444,0.000277778,0.003981481,0.000277778,179.95180310769956
0.004722222,0.004722222,0.0025,0.000277778,19.531248011910975
0.003981481,0.0025,0.001759259,0.000277778,42.39692652170925
0.005462963,0.001759259,0.005462963,0.000277778,98.01603342386079
0.006944444,0.0025,0.004722222,0.000277778,78.19622880888346
0.004722222,0.003240741,0.000277778,0.000277778,24.67761459473104
0.003981481,0.001018519,0.004722222,0.000277778,112.78741961906735
0.004722222,0.000277778,0.003981481,0.000277778,155.58371625030304
0.003240741,0.006203704,0.006203704,0.000277778,27.064236967109537
0.0025,0.006944444,0.005462963,0.000277778,35.847577774058664
0.003981481,0.005462963,0.001018519,0.000277778,27.50265413658053
0.003240741,0.001018519,0.000277778,0.000277778,75.57606582756307
0.006944444,0.004722222,0.0025,0.000277778,22.13478329247664
0.006203704,0.005462963,0.003981481,0.000277778,20.54950574434224
0.004722222,0.006203704,0.001759259,0.000277778,29.828220052659162
0.006203704,0.000277778,0.001759259,0.000277778,154.3897479310317
0.0025,0.003981481,0.0025,0.000277778,19.757495738753278
0.006203704,0.001018519,0.0025,0.000277778,118.36459228135391
0.001018519,0.0025,0.001759259,0.000277778,25.234442509992732
0.006203704,0.000277778,0.005462963,0.000277778,183.44878375713233
0.000277778,0.0025,0.006944444,0.000277778,45.24324215067281
0.0025,0.001018519,0.006203704,0.000277778,109.13528122035859
0.003240741,0.003981481,0.005462963,0.000277778,27.367660226345834
0.005462963,0.006944444,0.003240741,0.000277778,30.495733484616267
0.003981481,0.003981481,0.006944444,0.000277778,35.471418666758154
0.0025,0.001759259,0.001759259,0.000277778,52.409897084649856
0.005462963,0.004722222,0.006203704,0.000277778,28.400027147570654
0.001018519,0.003981481,0.001759259,0.000277778,23.08507902587189
0.005462963,0.004722222,0.006944444,0.000277778,30.69999446174279
0.004722222,0.001759259,0.003240741,0.000277778,78.7087901615705
0.0025,0.006944444,0.004722222,0.000277778,37.32186321799509
0.006944444,0.006944444,0.006203704,0.000277778,23.47174829958385
0.001759259,0.006203704,0.0025,0.000277778,39.05564960327274
0.006944444,0.006203704,0.003240741,0.000277778,21.58830529714737
0.003981481,0.006944444,0.006203704,0.000277778,30.04411641704428
0.0025,0.001759259,0.000277778,0.000277778,43.749495344412935
0.004722222,0.003981481,0.003240741,0.000277778,25.223021683991192
0.005462963,0.0025,0.000277778,0.000277778,44.49449931785239
0.0025,0.006203704,0.001018519,0.000277778,39.83985721292265
0.003240741,0.001759259,0.003240741,0.000277778,66.95696113474696
0.001018519,0.004722222,0.004722222,0.000277778,24.690892319717022
0.004722222,0.001759259,0.004722222,0.000277778,87.60718405358057
0.003240741,0.000277778,0.003981481,0.000277778,139.38239898018946
0.005462963,0.005462963,0.006944444,0.000277778,24.202752645000146
0.001759259,0.003240741,0.003240741,0.000277778,23.7543604621751
0.003981481,0.003981481,0.001759259,0.000277778,19.50985924536326
0.001018519,0.003981481,0.003981481,0.000277778,21.382426567864968
0.0025,0.001018519,0.004722222,0.000277778,99.01569890372048
0.005462963,0.0025,0.006203704,0.000277778,75.77685253961681
0.003240741,0.001759259,0.000277778,0.000277778,49.395445450058105
0.001018519,0.006944444,0.0025,0.000277778,47.6554043105059
0.003981481,0.001018519,0.003240741,0.000277778,102.65768595604823
0.006944444,0.0025,0.001759259,0.000277778,62.41050940354762
0.006203704,0.006944444,0.003981481,0.000277778,27.119311387158177
0.006944444,0.001018519,0.003240741,0.000277778,130.38803093270553
0.003240741,0.0025,0.001759259,0.000277778,37.67610409626104
0.005462963,0.000277778,0.006944444,0.000277778,186.95591636172503
0.006944444,0.003240741,0.006944444,0.000277778,67.37869443573072
0.004722222,0.006203704,0.006944444,0.000277778,23.7060022205078
0.004722222,0.005462963,0.001759259,0.000277778,23.688405770990357
0.001759259,0.006944444,0.006203704,0.000277778,36.845733485752135
0.003981481,0.003981481,0.005462963,0.000277778,30.046131110499118
0.004722222,0.006944444,0.003240741,0.000277778,32.86760270240666
0.005462963,0.006203704,0.005462963,0.000277778,23.021865466918825
0.006944444,0.000277778,0.003240741,0.000277778,174.13999393095128
0.006944444,0.001759259,0.004722222,0.000277778,105.51943645982465
0.003240741,0.0025,0.006203704,0.000277778,60.58924812128498
0.001759259,0.001018519,0.0025,0.000277778,77.04675284306722
0.006203704,0.0025,0.001018519,0.000277778,53.384540845799165
0.001759259,0.006944444,0.004722222,0.000277778,39.86738221118503
0.000277778,0.006944444,0.0025,0.000277778,50.43686966848463
0.004722222,0.003240741,0.003240741,0.000277778,37.22374282571809
0.000277778,0.001018519,0.003981481,0.000277778,73.56942323189287
0.003240741,0.004722222,0.004722222,0.000277778,21.4652852041379
0.001759259,0.003981481,0.0025,0.000277778,20.49145645453609
0.005462963,0.000277778,0.004722222,0.000277778,169.51178491538485
0.003981481,0.003240741,0.004722222,0.000277778,39.82070343906889
0.006203704,0.001759259,0.000277778,0.000277778,72.79267931988488
0.006944444,0.0025,0.006944444,0.000277778,90.07712836000064
0.006203704,0.001018519,0.005462963,0.000277778,138.6522103871248
0.003240741,0.001759259,0.006944444,0.000277778,89.1246399402504
0.005462963,0.006203704,0.000277778,0.000277778,30.34909387417474
0.003240741,0.001759259,0.005462963,0.000277778,80.23988927234132
0.005462963,0.004722222,0.003981481,0.000277778,22.42418979001195
0.003981481,0.001759259,0.000277778,0.000277778,55.14826444843766
0.001018519,0.006203704,0.006944444,0.000277778,32.33892765642304
0.004722222,0.0025,0.0025,0.000277778,51.12989806744554
0.0025,0.006203704,0.003240741,0.000277778,34.56937496628143
0.003240741,0.000277778,0.001759259,0.000277778,121.96065930455734
0.005462963,0.003240741,0.001759259,0.000277778,34.63925344267773
0.004722222,0.006203704,0.001018519,0.000277778,31.39894473425602
0.005462963,0.006944444,0.000277778,0.000277778,36.589192469568275
0.003981481,0.005462963,0.006203704,0.000277778,22.595171217633833
0.005462963,0.005462963,0.005462963,0.000277778,21.908293184734248
0.005462963,0.000277778,0.003240741,0.000277778,157.88711677339597
0.003240741,0.001018519,0.001759259,0.000277778,85.66367376675771
0.006944444,0.005462963,0.005462963,0.000277778,23.652241239662544
0.000277778,0.003240741,0.001759259,0.000277778,19.884650186610997
0.006944444,0.001018519,0.006944444,0.000277778,155.7601075828643
0.006944444,0.003240741,0.003981481,0.000277778,53.357271753659006
0.006944444,0.000277778,0.0025,0.000277778,168.32927689645567
0.004722222,0.000277778,0.005462963,0.000277778,167.20979886798705
0.003240741,0.003981481,0.003981481,0.000277778,23.057933027503168
0.000277778,0.001759259,0.001759259,0.000277778,36.01669146602126
0.006944444,0.003240741,0.004722222,0.000277778,56.848616720672
0.000277778,0.004722222,0.001018519,0.000277778,35.4257998559533
0.005462963,0.001018519,0.003240741,0.000277778,116.49317759094811
0.005462963,0.005462963,0.000277778,0.000277778,23.829800746007095
0.001759259,0.001759259,0.001018519,0.000277778,42.49392552255995
0.003981481,0.003981481,0.0025,0.000277778,21.051761621621154
0.004722222,0.006203704,0.0025,0.000277778,28.388187294872296
0.006944444,0.001759259,0.0025,0.000277778,92.1258419433625
0.004722222,0.003240741,0.001018519,0.000277778,27.652924465030992
0.003240741,0.004722222,0.006944444,0.000277778,24.81464579740532
0.003981481,0.003240741,0.005462963,0.000277778,43.14608675985073
0.000277778,0.0025,0.006203704,0.000277778,41.5856693760652
0.006203704,0.001759259,0.006203704,0.000277778,108.45931075535191
0.003981481,0.006203704,0.006944444,0.000277778,24.819452305069717
0.006203704,0.0025,0.005462963,0.000277778,76.97715325736499
0.001018519,0.004722222,0.000277778,0.000277778,34.19667674721859
0.001018519,0.001018519,0.001018519,0.000277778,60.280152211305904
0.005462963,0.003981481,0.004722222,0.000277778,33.48968528111436
0.001018519,0.003240741,0.004722222,0.000277778,26.087884688141457
0.003981481,0.003240741,0.0025,0.000277778,30.19639736980571
0.005462963,0.001759259,0.003981481,0.000277778,89.0972196082621
0.000277778,0.006203704,0.003981481,0.000277778,41.17111715231658
0.003981481,0.0025,0.003240741,0.000277778,50.05168201430206
0.003981481,0.001759259,0.0025,0.000277778,68.38119179810019
0.005462963,0.006944444,0.004722222,0.000277778,28.089790104158965
0.005462963,0.006944444,0.001018519,0.000277778,34.938734335254594
0.006203704,0.006203704,0.005462963,0.000277778,22.0782896951805
0.000277778,0.005462963,0.0025,0.000277778,38.519928542772504
0.005462963,0.001759259,0.001018519,0.000277778,71.30047144756827
0.0025,0.001759259,0.004722222,0.000277778,69.9675269653053
0.001018519,0.001018519,0.006203704,0.000277778,95.43994132958733
0.001759259,0.003981481,0.001018519,0.000277778,21.882441461622875
0.006944444,0.004722222,0.005462963,0.000277778,31.133187575042484
0.001759259,0.001759259,0.006203704,0.000277778,72.98976028929155
0.006203704,0.005462963,0.006944444,0.000277778,25.493619749770914
0.000277778,0.001018519,0.005462963,0.000277778,83.6095545763792
0.006203704,0.003981481,0.0025,0.000277778,28.322319751161558
0.000277778,0.001018519,0.001759259,0.000277778,58.59796949692827
0.003981481,0.006944444,0.001759259,0.000277778,38.53925527144747
0.001018519,0.001759259,0.003240741,0.000277778,49.819166051151115
0.003240741,0.000277778,0.0025,0.000277778,127.76605118102088
0.001759259,0.006944444,0.001759259,0.000277778,46.68919208793204
0.004722222,0.000277778,0.001759259,0.000277778,138.1537976063155
0.0025,0.006944444,0.0025,0.000277778,42.189756913667225
0.005462963,0.006203704,0.003981481,0.000277778,24.084242887140135
0.005462963,0.006944444,0.006944444,0.000277778,25.630086619268695
0.003981481,0.006203704,0.003240741,0.000277778,29.437642509006764
0.006944444,0.004722222,0.004722222,0.000277778,28.69541593431768
0.006944444,0.000277778,0.000277778,0.000277778,150.90494041224065
0.001018519,0.000277778,0.006944444,0.000277778,138.4030190888932
0.000277778,0.003240741,0.006944444,0.000277778,31.149242062163466
0.001759259,0.000277778,0.001759259,0.000277778,105.82998699838208
0.005462963,0.003981481,0.006944444,0.000277778,42.265895590731816
0.003981481,0.001759259,0.001018519,0.000277778,59.54795111423846
0.003981481,0.004722222,0.000277778,0.000277778,22.286100755636653
0.004722222,0.004722222,0.000277778,0.000277778,20.120519379826874
0.006203704,0.004722222,0.006944444,0.000277778,33.35382850196493
0.006203704,0.006203704,0.006944444,0.000277778,22.759979306020796
0.000277778,0.006944444,0.006203704,0.000277778,41.85624154616835
0.006203704,0.001018519,0.001759259,0.000277778,113.29643056050554
0.004722222,0.001018519,0.006203704,0.000277778,129.84586038437192
0.000277778,0.006203704,0.0025,0.000277778,44.86956717794055
0.006203704,0.0025,0.006203704,0.000277778,80.9295764167473
0.004722222,0.003981481,0.005462963,0.000277778,33.073417889128905
0.001018519,0.004722222,0.001759259,0.000277778,30.223228206917156
0.003240741,0.004722222,0.003981481,0.000277778,21.066044499898
0.001018519,0.005462963,0.003981481,0.000277778,32.02684294939172
0.006944444,0.001018519,0.006203704,0.000277778,150.68377710833738
0.001759259,0.000277778,0.001018519,0.000277778,100.0353424344703
0.003240741,0.000277778,0.003240741,0.000277778,133.57337930080757
0.001018519,0.006203704,0.000277778,0.000277778,47.76602469281261
0.001018519,0.001759259,0.0025,0.000277778,45.53329720304282
0.003981481,0.003240741,0.003981481,0.000277778,36.54352232416022
0.001018519,0.004722222,0.005462963,0.000277778,24.02188219788877
0.006944444,0.006203704,0.001759259,0.000277778,22.969617663819008
0.004722222,0.006203704,0.005462963,0.000277778,24.370670503330985
0.006944444,0.0025,0.000277778,0.000277778,54.55690900266745
0.000277778,0.000277778,0.0025,0.000277778,95.57791526731671
0.0025,0.003240741,0.001018519,0.000277778,19.541164360938637
0.001759259,0.005462963,0.006944444,0.000277778,25.410130379927068
0.001759259,0.000277778,0.006944444,0.000277778,146.46574879146397
0.003981481,0.005462963,0.005462963,0.000277778,22.405960810830948
0.001018519,0.000277778,0.006203704,0.000277778,132.59519998624137
0.001018519,0.000277778,0.001018519,0.000277778,92.01056107351906
0.004722222,0.001018519,0.001759259,0.000277778,99.43849315983425
0.003981481,0.003981481,0.001018519,0.000277778,18.412901571304246
0.0025,0.003240741,0.000277778,0.000277778,18.084185789459298
0.003240741,0.005462963,0.0025,0.000277778,27.142986294073125
0.004722222,0.0025,0.001018519,0.000277778,43.42489301176647
0.006944444,0.003981481,0.006944444,0.000277778,49.63658267981282
0.001018519,0.003240741,0.001759259,0.000277778,19.27157336091841
0.005462963,0.003240741,0.006944444,0.000277778,58.501865785565315
0.001018519,0.001759259,0.003981481,0.000277778,54.13757046030878
0.0025,0.003981481,0.001759259,0.000277778,19.549365415106877
0.006944444,0.006944444,0.004722222,0.000277778,24.41988282311695
0.0025,0.003240741,0.003240741,0.000277778,26.46012639944456
0.003240741,0.0025,0.003240741,0.000277778,45.1947141980927
0.006944444,0.001018519,0.005462963,0.000277778,145.60830641922803
0.006203704,0.006203704,0.006203704,0.000277778,22.283738950587576
0.006944444,0.005462963,0.003240741,0.000277778,19.962041171030705
0.003981481,0.005462963,0.003240741,0.000277778,23.74355460290826
0.006944444,0.005462963,0.004722222,0.000277778,22.163809056296316
0.003981481,0.005462963,0.001759259,0.000277778,26.031465963051232
0.000277778,0.0025,0.000277778,0.000277778,18.32343688420042
0.0025,0.005462963,0.003240741,0.000277778,28.260512112040033
0.004722222,0.001759259,0.006203704,0.000277778,96.51941271688338
0.001018519,0.003981481,0.003240741,0.000277778,21.48262899049405
0.001759259,0.000277778,0.003240741,0.000277778,117.42906242444951
0.001759259,0.001018519,0.006203704,0.000277778,102.2734374299016
0.004722222,0.005462963,0.006203704,0.000277778,22.48071418949894
0.000277778,0.004722222,0.003981481,0.000277778,28.152914998653614
0.003240741,0.003240741,0.006944444,0.000277778,45.75659736787702
0.003240741,0.005462963,0.001018519,0.000277778,30.279137565896235
0.000277778,0.003981481,0.0025,0.000277778,24.30806257374843
0.004722222,0.001018519,0.000277778,0.000277778,89.32154686276226
0.001018519,0.001759259,0.001759259,0.000277778,41.29007788227864
0.006203704,0.003240741,0.003240741,0.000277778,45.54270611366155
0.001759259,0.000277778,0.005462963,0.000277778,134.84582731232422
0.006203704,0.006203704,0.0025,0.000277778,23.965993272139258
0.006203704,0.003240741,0.001759259,0.000277778,38.7304153296609
0.003240741,0.003981481,0.0025,0.000277778,19.952887118315175
0.004722222,0.004722222,0.003981481,0.000277778,21.274760431492837
0.003981481,0.006203704,0.001759259,0.000277778,32.45250125725033
0.005462963,0.0025,0.004722222,0.000277778,67.89966561907204
0.006203704,0.003981481,0.004722222,0.000277778,36.878988798325736
0.001759259,0.004722222,0.001759259,0.000277778,27.277412241846832
0.006944444,0.0025,0.001018519,0.000277778,58.47933595854556
0.003981481,0.001018519,0.001759259,0.000277778,92.53837106602805
0.000277778,0.004722222,0.003240741,0.000277778,29.70134713565949
0.0025,0.003240741,0.001759259,0.000277778,21.501475332104746
0.000277778,0.005462963,0.000277778,0.000277778,44.70351900017067
0.003240741,0.000277778,0.000277778,0.000277778,110.3568982979441
0.003981481,0.004722222,0.006944444,0.000277778,26.346424294421922
0.003981481,0.003240741,0.003240741,0.000277778,33.328772705142
0.001759259,0.003981481,0.003240741,0.000277778,20.53880892293091
0.000277778,0.006203704,0.004722222,0.000277778,39.42662189551447
0.0025,0.005462963,0.0025,0.000277778,29.756286526694566
0.004722222,0.006944444,0.003981481,0.000277778,31.483368331417296
0.006203704,0.001018519,0.003981481,0.000277778,128.50576028501564
0.001759259,0.003981481,0.005462963,0.000277778,23.522898198280018
0.005462963,0.006203704,0.003240741,0.000277778,24.97156791445923
0.001759259,0.004722222,0.000277778,0.000277778,30.90981795425614
0.001759259,0.003240741,0.004722222,0.000277778,28.937690906315765
0.006203704,0.004722222,0.003240741,0.000277778,22.24317434132263
0.005462963,0.005462963,0.0025,0.000277778,21.045674760654038
0.006944444,0.004722222,0.006944444,0.000277778,36.23542744158249
0.000277778,0.004722222,0.004722222,0.000277778,26.83929873048328
0.001018519,0.004722222,0.006203704,0.000277778,23.702445440216252
0.0025,0.005462963,0.005462963,0.000277778,25.011793743369708
0.004722222,0.004722222,0.004722222,0.000277778,22.67609090355836
0.005462963,0.003240741,0.004722222,0.000277778,48.12593997769727
0.003981481,0.006203704,0.000277778,0.000277778,35.904104534111866
0.001759259,0.004722222,0.0025,0.000277778,25.775843950818853
0.003240741,0.005462963,0.006203704,0.000277778,23.261090064093878
0.005462963,0.006203704,0.001759259,0.000277778,27.343160590758544
0.003240741,0.001018519,0.001018519,0.000277778,80.61705653394529
0.005462963,0.005462963,0.001759259,0.000277778,21.679971321800622
0.006203704,0.005462963,0.003240741,0.000277778,20.043342326465563
0.001759259,0.0025,0.001018519,0.000277778,25.6901355055943
0.001018519,0.004722222,0.0025,0.000277778,28.48641790784859
0.006203704,0.004722222,0.006203704,0.000277778,30.890853945596064
0.006203704,0.0025,0.001759259,0.000277778,57.296149459612934
0.004722222,0.003240741,0.004722222,0.000277778,43.906057238869835
0.0025,0.003240741,0.004722222,0.000277778,32.25697243133982
0.003981481,0.0025,0.004722222,0.000277778,57.79525664704852
0.001018519,0.005462963,0.0025,0.000277778,35.481799719969786
0.005462963,0.003981481,0.000277778,0.000277778,18.902720275706088
0.003981481,0.001759259,0.004722222,0.000277778,81.68823585366408
0.003240741,0.003240741,0.001018519,0.000277778,21.521051103136415
0.006944444,0.006944444,0.005462963,0.000277778,23.839892594387038
0.006203704,0.006944444,0.005462963,0.000277778,25.34317402717261
0.001759259,0.005462963,0.003240741,0.000277778,30.889681763941553
0.001759259,0.005462963,0.0025,0.000277778,32.55009718801284
0.000277778,0.000277778,0.003981481,0.000277778,107.15751766999801
0.003240741,0.006203704,0.005462963,0.000277778,28.033544075840837
0.000277778,0.006944444,0.003240741,0.000277778,48.624539472235256
0.003981481,0.003240741,0.006203704,0.000277778,46.50934140344907
0.000277778,0.001018519,0.004722222,0.000277778,78.58507935683338
0.003981481,0.004722222,0.003981481,0.000277778,20.806889763539857
0.003981481,0.006203704,0.001018519,0.000277778,34.13159919698228
0.006944444,0.001759259,0.000277778,0.000277778,78.75477503582579
0.005462963,0.003981481,0.001018519,0.000277778,20.79256922546483
0.0025,0.006203704,0.000277778,0.000277778,41.7446195141074
0.006203704,0.004722222,0.005462963,0.000277778,28.519407020656217
0.006944444,0.003981481,0.001018519,0.000277778,25.977432992399372
0.001759259,0.005462963,0.004722222,0.000277778,28.05595489307234
0.0025,0.003240741,0.005462963,0.000277778,35.34339032627031
0.001018519,0.005462963,0.004722222,0.000277778,30.51093878467873
0.006203704,0.006944444,0.0025,0.000277778,29.511496212926886
0.000277778,0.006203704,0.001759259,0.000277778,46.80697487191355
0.001018519,0.006203704,0.001759259,0.000277778,43.824782423774195
0.005462963,0.001018519,0.000277778,0.000277778,96.23412543769018
0.004722222,0.003981481,0.004722222,0.000277778,30.33741147904948
0.004722222,0.003240741,0.0025,0.000277778,33.955787301733835
0.004722222,0.004722222,0.006203704,0.000277778,26.25677611737956
0.004722222,0.005462963,0.003240741,0.000277778,22.008457998124868
0.006203704,0.006944444,0.004722222,0.000277778,26.145370904075207
0.006203704,0.005462963,0.005462963,0.000277778,22.516932363645537
0.001759259,0.003240741,0.006944444,0.000277778,37.938765556316866
0.0025,0.001759259,0.0025,0.000277778,56.776532571988355
0.006944444,0.004722222,0.001759259,0.000277778,20.33416797566224
0.006203704,0.006203704,0.001018519,0.000277778,26.303090536071522
0.005462963,0.004722222,0.001018519,0.000277778,18.458388847416245
0.001018519,0.003981481,0.006203704,0.000277778,23.874215086318145
0.003981481,0.006944444,0.000277778,0.000277778,42.000763993811915
0.006203704,0.000277778,0.0025,0.000277778,160.1992587288205
0.004722222,0.006944444,0.005462963,0.000277778,29.064874580035394
0.001018519,0.0025,0.004722222,0.000277778,38.76575124240844
0.004722222,0.000277778,0.004722222,0.000277778,161.3962312748099
0.0025,0.000277778,0.006203704,0.000277778,148.7300138088683
0.003240741,0.001018519,0.003981481,0.000277778,100.8288591616838
0.004722222,0.003981481,0.001759259,0.000277778,20.876136307380875
0.001759259,0.006944444,0.003240741,0.000277778,43.1682640585077
0.003981481,0.003981481,0.000277778,0.000277778,17.84314728402569
0.000277778,0.001759259,0.006203704,0.000277778,61.534038107663946
0.003981481,0.004722222,0.006203704,0.000277778,24.552299513157777
0.005462963,0.004722222,0.001759259,0.000277778,18.847501100829504
0.003981481,0.003240741,0.000277778,0.000277778,21.649293443830175
0.003981481,0.005462963,0.006944444,0.000277778,23.09982880188909
0.003981481,0.006944444,0.0025,0.000277778,36.90173778643293
0.006944444,0.003240741,0.003240741,0.000277778,49.87854526011324
0.003981481,0.000277778,0.001759259,0.000277778,130.05087529696902
0.001018519,0.001759259,0.001018519,0.000277778,37.10416158487169
0.003981481,0.003981481,0.003240741,0.000277778,22.949101065177956
0.003240741,0.006944444,0.005462963,0.000277778,33.46762662931269
0.0025,0.004722222,0.001759259,0.000277778,24.601034168332262
0.006203704,0.003240741,0.0025,0.000277778,42.122119470771395
0.000277778,0.003981481,0.004722222,0.000277778,22.28127405635314
0.003240741,0.001759259,0.001759259,0.000277778,58.14684746723651
0.000277778,0.004722222,0.0025,0.000277778,31.449925366410753
0.006944444,0.001018519,0.0025,0.000277778,125.3170679477862
0.001759259,0.006944444,0.0025,0.000277778,44.904382059178715
0.003981481,0.0025,0.005462963,0.000277778,61.68991747344262
0.003981481,0.006944444,0.003240741,0.000277778,35.33801062071689
0.004722222,0.001759259,0.0025,0.000277778,74.26633322814087
0.004722222,0.005462963,0.001018519,0.000277778,24.926755177193627
0.003240741,0.0025,0.004722222,0.000277778,52.849644527055716
0.001759259,0.003240741,0.0025,0.000277778,21.590859989995806
0.003981481,0.001018519,0.0025,0.000277778,97.59652200920391
0.001759259,0.001018519,0.000277778,0.000277778,61.9956691435209
0.006203704,0.003981481,0.006944444,0.000277778,45.896056526878965
0.001759259,0.0025,0.003240741,0.000277778,35.95837142039636
0.003981481,0.006203704,0.0025,0.000277778,30.88205096465117
0.000277778,0.000277778,0.000277778,0.000277778,78.25061772604931
0.006944444,0.003981481,0.006203704,0.000277778,46.54966281527413
0.005462963,0.006203704,0.001018519,0.000277778,28.778277101915137
0.003240741,0.004722222,0.005462963,0.000277778,22.25046737664661
0.005462963,0.005462963,0.003981481,0.000277778,20.793164832393813
0.006944444,0.006944444,0.003240741,0.000277778,26.15395119965069
0.001018519,0.0025,0.0025,0.000277778,28.381065871488317
0.0025,0.001018519,0.0025,0.000277778,83.86247853879468
0.004722222,0.000277778,0.0025,0.000277778,143.96234428053867
0.000277778,0.003981481,0.000277778,0.000277778,29.559954012247545
0.003240741,0.001018519,0.0025,0.000277778,90.7149865100946
0.004722222,0.001759259,0.001759259,0.000277778,69.82951837603014
0.005462963,0.006203704,0.004722222,0.000277778,23.427757390216357
0.001018519,0.001759259,0.004722222,0.000277778,58.48128960627946
0.006944444,0.003981481,0.001759259,0.000277778,28.725402122860032
0.003981481,0.001018519,0.006944444,0.000277778,127.99614607020885
0.005462963,0.004722222,0.005462963,0.000277778,26.229331080801785
0.0025,0.003240741,0.006944444,0.000277778,41.75347758440603
0.003240741,0.004722222,0.006203704,0.000277778,23.382743073172605
0.006944444,0.0025,0.003981481,0.000277778,74.24259079510739
0.001759259,0.003240741,0.005462963,0.000277778,31.818326140788486
0.003981481,0.006944444,0.003981481,0.000277778,33.85829952577933
0.003240741,0.003240741,0.003981481,0.000277778,32.761450927591795
0.005462963,0.0025,0.005462963,0.000277778,71.83534906666318
0.003981481,0.0025,0.006944444,0.000277778,69.51216313234818
0.005462963,0.001018519,0.0025,0.000277778,111.42515493911105
0.006203704,0.001018519,0.001018519,0.000277778,108.23018984157261
0.0025,0.001018519,0.006944444,0.000277778,114.19891311160217
0.001759259,0.005462963,0.003981481,0.000277778,29.38335884873095
0.003981481,0.004722222,0.001018519,0.000277778,21.195104854183228
0.001759259,0.006203704,0.000277778,0.000277778,44.737225301068975
0.0025,0.006944444,0.001018519,0.000277778,45.72608812284125
0.004722222,0.0025,0.003240741,0.000277778,55.01211225045063
0.003240741,0.006203704,0.003240741,0.000277778,31.939385151925308
0.001759259,0.001759259,0.006944444,0.000277778,77.40573718786322
0.001018519,0.005462963,0.001018519,0.000277778,39.3748640796839
0.006203704,0.004722222,0.000277778,0.000277778,17.685754715887924
0.003981481,0.001018519,0.001018519,0.000277778,87.48374784062435
0.000277778,0.001759259,0.004722222,0.000277778,52.8739966835783
0.000277778,0.000277778,0.006944444,0.000277778,130.35715893994075
0.001759259,0.0025,0.000277778,0.000277778,22.642887562602482
0.001759259,0.0025,0.005462963,0.000277778,47.0402746038053
0.001759259,0.001759259,0.003240741,0.000277778,55.43928994521775
0.001018519,0.006944444,0.003981481,0.000277778,44.149448824810406
0.000277778,0.0025,0.005462963,0.000277778,37.99536038464066
0.004722222,0.0025,0.004722222,0.000277778,62.81760792528803
0.0025,0.006944444,0.003981481,0.000277778,38.87630158325919
0.006944444,0.006203704,0.0025,0.000277778,22.1508551884408
0.000277778,0.006944444,0.004722222,0.000277778,45.133136511989505
0.0025,0.000277778,0.005462963,0.000277778,142.91853344545757
0.000277778,0.000277778,0.004722222,0.000277778,112.95315214185985
0.003240741,0.001018519,0.006944444,0.000277778,121.08844986783834
0.004722222,0.0025,0.000277778,0.000277778,39.61365948891216
0.0025,0.0025,0.003240741,0.000277778,40.478475825053465
0.003240741,0.003981481,0.006944444,0.000277778,32.40492786933464
0.001759259,0.004722222,0.003981481,0.000277778,23.603007227351554
0.003981481,0.006203704,0.006203704,0.000277778,25.32674906520151
0.001018519,0.001759259,0.005462963,0.000277778,62.84508713073228
0.005462963,0.003240741,0.003240741,0.000277778,41.31243643158723
0.003981481,0.001759259,0.003240741,0.000277778,72.81063841174546
0.001759259,0.006203704,0.003981481,0.000277778,35.632112292716556
0.005462963,0.004722222,0.0025,0.000277778,19.674579114217977
0.001018519,0.006203704,0.003981481,0.000277778,38.362354952987516
0.001759259,0.003981481,0.000277778,0.000277778,23.23199468337043
0.006203704,0.005462963,0.004722222,0.000277778,21.38631493897492
0.0025,0.001018519,0.000277778,0.000277778,68.75909210322061
0.0025,0.001759259,0.005462963,0.000277778,74.38591977382748
0.001759259,0.004722222,0.006944444,0.000277778,23.465984225480497
0.001759259,0.001759259,0.004722222,0.000277778,64.18717528272646
0.006944444,0.006203704,0.001018519,0.000277778,24.018403842130283
0.0025,0.004722222,0.003240741,0.000277778,22.53528450194881
0.006203704,0.001759259,0.005462963,0.000277778,103.99248898790393
0.000277778,0.005462963,0.001759259,0.000277778,40.506532185279184
0.0025,0.0025,0.000277778,0.000277778,26.248927649145116
0.003240741,0.003240741,0.0025,0.000277778,26.776100616938493
0.003240741,0.004722222,0.000277778,0.000277778,24.880627345068206
0.003981481,0.006944444,0.005462963,0.000277778,31.19809954466291
0.001018519,0.001759259,0.006203704,0.000277778,67.22504243957792
0.004722222,0.000277778,0.000277778,0.000277778,126.5419600048117
0.005462963,0.000277778,0.000277778,0.000277778,134.6536246660944
0.000277778,0.000277778,0.001759259,0.000277778,89.79545111865173
0.006203704,0.003240741,0.005462963,0.000277778,55.92457029312209
0.003240741,0.006944444,0.006203704,0.000277778,32.188442434504395
0.006944444,0.001018519,0.000277778,0.000277778,110.11394662794146
0.005462963,0.001018519,0.006203704,0.000277778,136.7805487038204
0.005462963,0.006203704,0.0025,0.000277778,26.06616713989206
0.005462963,0.001018519,0.003981481,0.000277778,121.56291993748346
0.0025,0.006203704,0.004722222,0.000277778,31.54806910084335
0.0025,0.000277778,0.006944444,0.000277778,154.54270903619465
0.006203704,0.006944444,0.006203704,0.000277778,24.729440443001295
0.006944444,0.005462963,0.000277778,0.000277778,19.68571584773713
0.005462963,0.003981481,0.003981481,0.000277778,30.689225366470055
0.004722222,0.0025,0.001759259,0.000277778,47.26587039653623
0.0025,0.003981481,0.001018519,0.000277778,19.873072724623853
0.001759259,0.005462963,0.001759259,0.000277778,34.34225680241798
0.0025,0.0025,0.001018519,0.000277778,29.64097995550219
0.001759259,0.000277778,0.003981481,0.000277778,123.23257169700173
0.005462963,0.003240741,0.006203704,0.000277778,55.02766420402622
0.006203704,0.001018519,0.004722222,0.000277778,133.5784023605629
0.006203704,0.004722222,0.001018519,0.000277778,18.22806315829075
0.005462963,0.006944444,0.003981481,0.000277778,29.227156834457674
0.004722222,0.006944444,0.006203704,0.000277778,28.06079487304123
0.001018519,0.001018519,0.003240741,0.000277778,75.29565328666831
0.004722222,0.001018519,0.006944444,0.000277778,134.91920967014266
0.000277778,0.006203704,0.006203704,0.000277778,36.19759782888377
0.006944444,0.003981481,0.004722222,0.000277778,40.4457702544114
0.003981481,0.000277778,0.0025,0.000277778,135.85821196415782
0.006203704,0.001018519,0.006203704,0.000277778,143.7270690920268
0.003240741,0.0025,0.005462963,0.000277778,56.7110200977113
0.000277778,0.006203704,0.005462963,0.000277778,37.764977937185904
0.003240741,0.0025,0.006944444,0.000277778,64.481287775807
0.003981481,0.004722222,0.003240741,0.000277778,20.272796887582444
0.006944444,0.003981481,0.003240741,0.000277778,34.47636223113295
0.006203704,0.003240741,0.004722222,0.000277778,52.44788082667219
0.004722222,0.000277778,0.003240741,0.000277778,149.7723729925856
0.003240741,0.005462963,0.003981481,0.000277778,24.795958916126438
0.006944444,0.0025,0.006203704,0.000277778,86.11395691105281
0.0025,0.0025,0.006944444,0.000277778,59.5171016305203
0.004722222,0.004722222,0.001759259,0.000277778,19.285061902808593
0.0025,0.005462963,0.000277778,0.000277778,35.11481693002861
0.0025,0.001018519,0.003981481,0.000277778,93.96057464887963
0.001018519,0.000277778,0.003240741,0.000277778,109.38497597585047
0.006203704,0.005462963,0.006203704,0.000277778,23.89970061422173
0.001759259,0.006203704,0.004722222,0.000277778,34.06325662396557
0.006203704,0.001759259,0.006944444,0.000277778,112.92770205706256
0.001018519,0.006203704,0.006203704,0.000277778,33.67144264675517
0.000277778,0.001018519,0.006944444,0.000277778,93.67927376743683
0.006944444,0.003240741,0.006203704,0.000277778,63.86086618650734
0.0025,0.004722222,0.0025,0.000277778,23.40625413260659
0.006944444,0.006203704,0.004722222,0.000277778,21.303904744666397
0.0025,0.006944444,0.001759259,0.000277778,43.933347736660835
0.0025,0.001018519,0.001759259,0.000277778,78.82106476843546
0.006203704,0.003981481,0.001759259,0.000277778,25.65287802899809
0.000277778,0.0025,0.003981481,0.000277778,31.10937420913251
0.005462963,0.001018519,0.006944444,0.000277778,141.85539553505077
0.003240741,0.0025,0.001018519,0.000277778,33.99626396797248
0.0025,0.006203704,0.0025,0.000277778,36.24125286912022
0.001759259,0.001759259,0.003981481,0.000277778,59.80488801819422
0.0025,0.003240741,0.006203704,0.000277778,38.51539156115268
0.001018519,0.004722222,0.001018519,0.000277778,32.13652121791347
0.004722222,0.004722222,0.006944444,0.000277778,28.337992291422438
0.0025,0.004722222,0.006203704,0.000277778,22.83046646191724
0.003981481,0.003981481,0.006203704,0.000277778,32.71122788507819
0.005462963,0.003240741,0.0025,0.000277778,37.95364349151646
0.006203704,0.000277778,0.000277778,0.000277778,142.77514969779713
0.006944444,0.003981481,0.003981481,0.000277778,37.440202941223106
0.006944444,0.004722222,0.003981481,0.000277778,26.361389426026108
0.006203704,0.003981481,0.003981481,0.000277778,33.95804082194445
0.001759259,0.003240741,0.001759259,0.000277778,19.841836033690925
0.001018519,0.006203704,0.001018519,0.000277778,45.770445623065825
0.003240741,0.006203704,0.001759259,0.000277778,35.18486612012384
0.003240741,0.004722222,0.001018519,0.000277778,23.437212136585003
0.0025,0.003981481,0.006944444,0.000277778,29.651934687009998
0.004722222,0.006203704,0.006203704,0.000277778,23.911990976188463
0.006203704,0.003240741,0.003981481,0.000277778,48.986127654898155
0.003981481,0.003240741,0.006944444,0.000277778,49.90280362233261
0.003240741,0.006203704,0.003981481,0.000277778,30.491069004396195
0.005462963,0.000277778,0.006203704,0.000277778,181.1403779582579
0.006944444,0.005462963,0.006944444,0.000277778,27.192891690081524
0.006203704,0.003240741,0.001018519,0.000277778,35.37590120292771
0.003981481,0.0025,0.003981481,0.000277778,53.91474935668879
0.000277778,0.003981481,0.001018519,0.000277778,27.54170362946934
0.003240741,0.006203704,0.0025,0.000277778,33.50941383504687
0.004722222,0.0025,0.003981481,0.000277778,58.90891994336562
0.000277778,0.001018519,0.001018519,0.000277778,53.64436992051105
0.004722222,0.006944444,0.004722222,0.000277778,30.210898201272357
0.001018519,0.003240741,0.000277778,0.000277778,19.251628411224374
0.001018519,0.001018519,0.0025,0.000277778,70.27850168571604
0.001759259,0.000277778,0.004722222,0.000277778,129.0382547942936
0.003981481,0.001759259,0.001759259,0.000277778,63.95970140470126
0.000277778,0.000277778,0.003240741,0.000277778,101.3655506379755
0.000277778,0.003240741,0.003240741,0.000277778,20.771692323355524
0.0025,0.001759259,0.006944444,0.000277778,83.24457897711295
0.004722222,0.0025,0.005462963,0.000277778,66.7360817809531
0.001759259,0.003240741,0.001018519,0.000277778,18.62440973443063
0.006203704,0.003240741,0.006944444,0.000277778,62.912823854323506
0.006944444,0.001759259,0.003981481,0.000277778,101.05295315194962
0.003240741,0.001018519,0.003240741,0.000277778,95.77024402498137
0.004722222,0.004722222,0.001018519,0.000277778,19.48594749924814
0.001018519,0.003981481,0.001018519,0.000277778,24.495778667578634
0.003240741,0.003240741,0.006203704,0.000277778,42.42784322950229
0.006203704,0.000277778,0.003240741,0.000277778,166.01003858117292
0.001759259,0.006203704,0.001759259,0.000277778,40.88640617191686
0.005462963,0.003240741,0.003981481,0.000277778,44.70562517396684
0.005462963,0.0025,0.003240741,0.000277778,60.050373150346786
0.006944444,0.006944444,0.000277778,0.000277778,31.40538923672773
0.000277778,0.001759259,0.0025,0.000277778,40.14260659905449
0.006203704,0.001759259,0.001759259,0.000277778,81.690798986132
0.006944444,0.006944444,0.001018519,0.000277778,29.914413069656575
0.006944444,0.006944444,0.0025,0.000277778,27.27155031467123
0.000277778,0.005462963,0.003240741,0.000277778,36.62425498992752
0.001759259,0.006944444,0.006944444,0.000277778,35.46219203920373
0.005462963,0.001018519,0.004722222,0.000277778,126.63417280782596
0.001018519,0.006203704,0.0025,0.000277778,41.935987820452056
0.003981481,0.001018519,0.003981481,0.000277778,107.72143451885131
0.003240741,0.003240741,0.003240741,0.000277778,29.703830967968315
0.003240741,0.001759259,0.006203704,0.000277778,84.67993540956923
0.001759259,0.006944444,0.001018519,0.000277778,48.517322348498055
0.000277778,0.001759259,0.000277778,0.000277778,28.09845145903728
0.000277778,0.000277778,0.006203704,0.000277778,124.55337095369896
0.0025,0.000277778,0.004722222,0.000277778,137.10842137939107
0.003981481,0.000277778,0.006944444,0.000277778,170.73123676461
0.000277778,0.001018519,0.003240741,0.000277778,68.56451526595447
0.0025,0.005462963,0.003981481,0.000277778,26.952217912882134
0.003981481,0.003981481,0.003981481,0.000277778,25.121472146415726
0.004722222,0.001759259,0.000277778,0.000277778,60.977721133082014
0.001759259,0.0025,0.006203704,0.000277778,50.82426689661497
0.004722222,0.003240741,0.005462963,0.000277778,47.29974097390368
0.006203704,0.001018519,0.006944444,0.000277778,148.8028627960157
0.0025,0.0025,0.0025,0.000277778,36.78774327870451
0.001759259,0.001759259,0.005462963,0.000277778,68.5829410060669
0.001759259,0.005462963,0.001018519,0.000277778,36.24663015812257
0.0025,0.001018519,0.005462963,0.000277778,104.07408455914629
0.001759259,0.001759259,0.0025,0.000277778,51.09464344451044
0.001759259,0.000277778,0.0025,0.000277778,111.62806218699916
0.000277778,0.006944444,0.001018519,0.000277778,54.17250062735252
0.006203704,0.0025,0.003240741,0.000277778,65.14840967833698
0.006203704,0.000277778,0.006944444,0.000277778,195.07899620274475
0.006944444,0.005462963,0.0025,0.000277778,19.33716141889181
0.004722222,0.006944444,0.000277778,0.000277778,39.27229948297793
0.0025,0.000277778,0.001759259,0.000277778,113.88585267377857
0.000277778,0.003240741,0.000277778,0.000277778,21.491499332415515
0.006944444,0.006203704,0.006944444,0.000277778,22.980196960959802
0.000277778,0.003240741,0.0025,0.000277778,20.01530710881525
0.000277778,0.001759259,0.001018519,0.000277778,31.98801820715198
0.0025,0.003240741,0.0025,0.000277778,23.841295363243262
0.001018519,0.005462963,0.003240741,0.000277778,33.690736456018385
0.001759259,0.003981481,0.006203704,0.000277778,25.279233333645607
0.006944444,0.003240741,0.001759259,0.000277778,42.971182010189295
0.005462963,0.000277778,0.003981481,0.000277778,163.69890709327046
0.000277778,0.005462963,0.006944444,0.000277778,29.10800680227294
0.000277778,0.006203704,0.003240741,0.000277778,42.98837967004113
0.000277778,0.003981481,0.003981481,0.000277778,22.51640105115439
0.000277778,0.003981481,0.003240741,0.000277778,23.204822048007827
0.003981481,0.005462963,0.003981481,0.000277778,22.992050678105443
0.0025,0.003981481,0.004722222,0.000277778,23.249876787887843
0.003240741,0.003981481,0.000277778,0.000277778,18.837738527441616
0.001759259,0.004722222,0.005462963,0.000277778,22.785698098652574
0.004722222,0.003981481,0.0025,0.000277778,22.924565310036996
0.001759259,0.005462963,0.000277778,0.000277778,38.24645261956175
0.006944444,0.001759259,0.001018519,0.000277778,83.20862426918575
0.003981481,0.001018519,0.005462963,0.000277778,117.85535607308884
0.001759259,0.001018519,0.001018519,0.000277778,67.00190294318236
0.001759259,0.006203704,0.006944444,0.000277778,30.104887383422465
0.001018519,0.005462963,0.000277778,0.000277778,41.44766975466155
0.003240741,0.001018519,0.004722222,0.000277778,105.89034672129173
0.001759259,0.0025,0.006944444,0.000277778,54.63778457603803
0.005462963,0.000277778,0.001759259,0.000277778,146.26731025829213
0.0025,0.004722222,0.005462963,0.000277778,22.178042218572045
0.001759259,0.003240741,0.000277778,0.000277778,18.046505917262948
0.0025,0.004722222,0.003981481,0.000277778,22.02657460140108
0.005462963,0.006944444,0.0025,0.000277778,31.879861035776685
0.004722222,0.003981481,0.003981481,0.000277778,27.709354807006093
0.001018519,0.003240741,0.005462963,0.000277778,28.66996960358847
0.001759259,0.003240741,0.003981481,0.000277778,26.229963609748665
0.003240741,0.001759259,0.004722222,0.000277778,75.80531962796158
0.004722222,0.000277778,0.006944444,0.000277778,178.8396729248807
0.001018519,0.003240741,0.001018519,0.000277778,18.925931321186
0.001018519,0.001018519,0.006944444,0.000277778,100.48924553983397
0.004722222,0.005462963,0.003981481,0.000277778,21.62883210290238
0.0025,0.006944444,0.006944444,0.000277778,33.18164566457881
0.000277778,0.005462963,0.004722222,0.000277778,33.16738311389054
0.005462963,0.004722222,0.000277778,0.000277778,18.53484468116494
0.006944444,0.000277778,0.001759259,0.000277778,162.51976872831347
0.006944444,0.001018519,0.001018519,0.000277778,115.17981040735549
0.000277778,0.004722222,0.001759259,0.000277778,33.3672048827375
0.006944444,0.003981481,0.000277778,0.000277778,23.354824666375407
0.006944444,0.005462963,0.006203704,0.000277778,25.341036247686134
0.003240741,0.006944444,0.001759259,0.000277778,41.214117974847795
0.006203704,0.006203704,0.004722222,0.000277778,22.151165943627348
0.006944444,0.001759259,0.003240741,0.000277778,96.58833260600841
0.005462963,0.001759259,0.001759259,0.000277778,75.7430446034723
0.000277778,0.006944444,0.001759259,0.000277778,52.287498006039186
0.001759259,0.001018519,0.003981481,0.000277778,87.12233017768085
0.006203704,0.001759259,0.003240741,0.000277778,90.6037085211683
0.006203704,0.0025,0.003981481,0.000277778,69.08575692804152
0.001018519,0.000277778,0.0025,0.000277778,103.5894521074224
0.000277778,0.003240741,0.003981481,0.000277778,22.08961202492719
0.006203704,0.001759259,0.004722222,0.000277778,99.52743537737842
0.006203704,0.000277778,0.003981481,0.000277778,171.82195850758035
0.003981481,0.000277778,0.004722222,0.000277778,153.28945067615678
0.006944444,0.006203704,0.005462963,0.000277778,21.593129693392257
0.003240741,0.005462963,0.003240741,0.000277778,25.85571197210993
0.006944444,0.004722222,0.006203704,0.000277778,33.652170267985866
0.001018519,0.0025,0.006944444,0.000277778,49.868252066480636
0.006944444,0.004722222,0.001018519,0.000277778,18.824258085778638
0.003240741,0.006944444,0.000277778,0.000277778,44.76629289933271
0.006203704,0.004722222,0.0025,0.000277778,20.57301054182608
0.006944444,0.001018519,0.003981481,0.000277778,135.46031752165982
0.003240741,0.005462963,0.005462963,0.000277778,23.47594099521848
0.004722222,0.003240741,0.006944444,0.000277778,54.159247224934006
0.001018519,0.001759259,0.000277778,0.000277778,32.99734705305036
0.001018519,0.005462963,0.005462963,0.000277778,29.16610280925852
0.003240741,0.006944444,0.006944444,0.000277778,31.027121965866172
0.005462963,0.003240741,0.005462963,0.000277778,51.56797409315914
0.003240741,0.006203704,0.006944444,0.000277778,26.294557153551068
0.006203704,0.005462963,0.001018519,0.000277778,20.6729071812274
0.006944444,0.005462963,0.001018519,0.000277778,19.19499830181826
0.0025,0.004722222,0.001018519,0.000277778,26.075156148217502
0.0025,0.004722222,0.004722222,0.000277778,21.90537564436272
0.001018519,0.000277778,0.004722222,0.000277778,120.98527192859228
0.006944444,0.0025,0.005462963,0.000277778,82.15352145631914
0.005462963,0.003240741,0.001018519,0.000277778,31.383343227504156
0.005462963,0.001759259,0.006203704,0.000277778,102.47899923910154
0.001759259,0.001759259,0.000277778,0.000277778,38.2577685462129
0.000277778,0.006944444,0.000277778,0.000277778,56.088410982842106
0.005462963,0.006944444,0.005462963,0.000277778,27.100159223562514
0.004722222,0.000277778,0.006203704,0.000277778,173.0243085129523
0.001018519,0.006944444,0.001759259,0.000277778,49.475534537576095
0.003981481,0.000277778,0.001018519,0.000277778,124.24543893462396
0.000277778,0.004722222,0.006944444,0.000277778,24.65155424216573
0.003981481,0.005462963,0.004722222,0.000277778,22.54013981263961
0.001759259,0.003981481,0.001759259,0.000277778,20.949919511067492
0.005462963,0.003981481,0.005462963,0.000277778,36.36251239437115
0.006944444,0.001759259,0.001759259,0.000277778,87.66580669473024
0.003240741,0.003240741,0.004722222,0.000277778,35.91580648093077
0.006944444,0.006944444,0.001759259,0.000277778,28.53100819223505
0.0025,0.001759259,0.006203704,0.000277778,78.81201215963756
0.006944444,0.003240741,0.0025,0.000277778,46.41526930900545
0.004722222,0.003981481,0.000277778,0.000277778,17.86603770234251
0.000277778,0.004722222,0.006203704,0.000277778,25.058016194201628
0.006203704,0.003981481,0.001018519,0.000277778,23.128532054946845
0.001018519,0.003981481,0.0025,0.000277778,22.062200076295994
0.005462963,0.003981481,0.006203704,0.000277778,39.29182726828003
0.001759259,0.0025,0.001759259,0.000277778,28.967701312631107
0.000277778,0.001018519,0.000277778,0.000277778,48.71860530337244
0.001018519,0.003240741,0.003240741,0.000277778,21.787864871814236
0.000277778,0.003981481,0.005462963,0.000277778,22.51365548920512
0.003240741,0.001759259,0.003981481,0.000277778,71.3772459632437
0.001018519,0.005462963,0.006203704,0.000277778,28.0169839428072
0.004722222,0.001759259,0.006944444,0.000277778,100.97957268910977
0.003981481,0.006203704,0.005462963,0.000277778,26.061861947311627
0.005462963,0.000277778,0.001018519,0.000277778,140.45960864860263
0.0025,0.0025,0.006203704,0.000277778,55.65792905349372
0.006203704,0.006944444,0.006944444,0.000277778,24.318442939951638
0.001018519,0.003981481,0.006944444,0.000277778,25.48436835738903
0.006944444,0.006944444,0.006944444,0.000277778,23.325482980120796
0.003981481,0.004722222,0.004722222,0.000277778,21.730432915034726
0.0025,0.006203704,0.006944444,0.000277778,28.07436676764064
0.003240741,0.006944444,0.003240741,0.000277778,37.887687295682554
0.006944444,0.000277778,0.004722222,0.000277778,185.76460299198698
0.001018519,0.003240741,0.0025,0.000277778,20.254230741196807
0.004722222,0.004722222,0.003240741,0.000277778,20.208171769994806
0.0025,0.004722222,0.006944444,0.000277778,23.831479530772413
0.003981481,0.004722222,0.005462963,0.000277778,22.996547852357253
0.006203704,0.006944444,0.000277778,0.000277778,33.962194597835946
0.001018519,0.003240741,0.003981481,0.000277778,23.766067166759058
0.000277778,0.001018519,0.0025,0.000277778,63.57290011535315
0.006203704,0.004722222,0.004722222,0.000277778,26.264285194945842
0.003240741,0.000277778,0.006944444,0.000277778,162.63177878951137
0.0025,0.005462963,0.006203704,0.000277778,24.433421382967936
0.006203704,0.006203704,0.001759259,0.000277778,25.038808984096704
0.006944444,0.000277778,0.005462963,0.000277778,191.57830097678016
0.003240741,0.000277778,0.005462963,0.000277778,151.0047362979144
0.001018519,0.000277778,0.001759259,0.000277778,97.79773950143499
0.0025,0.005462963,0.004722222,0.000277778,25.859875118192576
0.004722222,0.005462963,0.006944444,0.000277778,23.38801003435765
0.003240741,0.003981481,0.004722222,0.000277778,25.096957999639926
0.006203704,0.001759259,0.003981481,0.000277778,95.06441182003255
0.000277778,0.006944444,0.003981481,0.000277778,46.85495267444844
0.004722222,0.004722222,0.005462963,0.000277778,24.354455211518143
0.000277778,0.001018519,0.006203704,0.000277778,88.64134419275524
0.0025,0.001759259,0.003240741,0.000277778,61.160522437725376
0.000277778,0.001759259,0.003981481,0.000277778,48.58659829973294
0.0025,0.005462963,0.001759259,0.000277778,31.41277288908168
0.005462963,0.005462963,0.003240741,0.000277778,20.745246259672967
0.003240741,0.0025,0.000277778,0.000277778,30.395146151618974
0.006203704,0.006944444,0.003240741,0.000277778,28.24723690227347
0.005462963,0.000277778,0.0025,0.000277778,152.07653679164832
0.004722222,0.001018519,0.005462963,0.000277778,124.77374931256418
0.004722222,0.006944444,0.001018519,0.000277778,37.562560028736925
0.0025,0.001018519,0.003240741,0.000277778,88.90927315864974
0.0025,0.005462963,0.006944444,0.000277778,24.14414900103293
0.006203704,0.0025,0.0025,0.000277778,61.21806014196591
0.004722222,0.0025,0.006203704,0.000277778,70.66272332038352
0.003240741,0.005462963,0.001759259,0.000277778,28.627104124159814
0.005462963,0.001759259,0.003240741,0.000277778,84.64211650368861
0.001018519,0.003981481,0.000277778,0.000277778,26.231818526808638
0.004722222,0.006203704,0.003240741,0.000277778,27.099687479494605
0.006944444,0.003240741,0.001018519,0.000277778,39.55129691738421
0.006944444,0.0025,0.003240741,0.000277778,70.2932164949325
0.006203704,0.006203704,0.003981481,0.000277778,22.49966519264308
0.001018519,0.006944444,0.006944444,0.000277778,37.84598645088636
0.0025,0.000277778,0.000277778,0.000277778,102.2895571722438
0.003240741,0.006203704,0.001018519,0.000277778,36.95140300584535
0.004722222,0.006203704,0.003981481,0.000277778,25.985273904761925
0.004722222,0.001018519,0.004722222,0.000277778,119.70304304882666
0.001018519,0.001759259,0.006944444,0.000277778,71.61819914871785
0.0025,0.006944444,0.003240741,0.000277778,40.501665015280196
0.003240741,0.001759259,0.001018519,0.000277778,53.76200742202366
0.004722222,0.003240741,0.006203704,0.000277778,50.719088065903634
0.003981481,0.004722222,0.001759259,0.000277778,20.472887982730754
0.0025,0.000277778,0.0025,0.000277778,119.68829352243483
0.003981481,0.001759259,0.003981481,0.000277778,77.24667785255588
0.000277778,0.000277778,0.005462963,0.000277778,118.75191474089024
0.001759259,0.003981481,0.003981481,0.000277778,21.088581674004672
0.003981481,0.000277778,0.006203704,0.000277778,164.9163431537745
0.004722222,0.0025,0.006944444,0.000277778,74.59623266468589
0.003981481,0.000277778,0.003240741,0.000277778,141.6672119429677
0.006944444,0.006203704,0.003981481,0.000277778,21.302274404755735
0.006944444,0.001018519,0.004722222,0.000277778,140.53378231018723
0.003981481,0.001759259,0.006203704,0.000277778,90.58465459419858
0.006944444,0.003981481,0.005462963,0.000277778,43.4844181233002
0.001759259,0.004722222,0.003240741,0.000277778,24.537233811550323
0.005462963,0.005462963,0.001018519,0.000277778,22.62006808514343
0.006203704,0.0025,0.004722222,0.000277778,73.02897514112556
0.001018519,0.0025,0.005462963,0.000277778,42.41392015547899
0.000277778,0.001759259,0.005462963,0.000277778,57.19195163757104
0.003981481,0.001759259,0.006944444,0.000277778,95.03826909499003
0.003240741,0.000277778,0.001018519,0.000277778,116.15749014704124
0.001759259,0.001018519,0.005462963,0.000277778,97.21908189229725
0.005462963,0.001759259,0.004722222,0.000277778,93.55533208329143
0.006203704,0.006944444,0.001018519,0.000277778,32.38349189277096
0.005462963,0.001018519,0.001759259,0.000277778,106.3591002760677
0.006944444,0.0025,0.0025,0.000277778,66.34887185135631
0.003240741,0.001759259,0.0025,0.000277778,62.546108822818496
0.003240741,0.001018519,0.005462963,0.000277778,110.95431551607908
0.003240741,0.003981481,0.003240741,0.000277778,21.317169161946367
0.004722222,0.003981481,0.001018519,0.000277778,19.15810504611727
0.004722222,0.001018519,0.001018519,0.000277778,94.37840224221418
0.003981481,0.005462963,0.000277778,0.000277778,29.149620746520668
0.003240741,0.005462963,0.006944444,0.000277778,23.357704837764686
0.003240741,0.0025,0.0025,0.000277778,41.413700800705556
0.000277778,0.005462963,0.003981481,0.000277778,34.83436444943891
0.006203704,0.004722222,0.003981481,0.000277778,24.158094506359703
0.000277778,0.003981481,0.001759259,0.000277778,25.772899147250428
0.001018519,0.006944444,0.004722222,0.000277778,42.47471028320615
0.000277778,0.005462963,0.005462963,0.000277778,31.642745359242326
0.0025,0.006944444,0.006203704,0.000277778,34.4637325830181
0.001018519,0.003981481,0.005462963,0.000277778,22.61516339566151
0.003240741,0.006203704,0.000277778,0.000277778,38.79658639327954
0.003981481,0.003981481,0.004722222,0.000277778,27.50377869397562
0.001018519,0.006944444,0.001018519,0.000277778,51.3341219558647
0.001018519,0.0025,0.003981481,0.000277778,35.192159262228415
0.001759259,0.004722222,0.006203704,0.000277778,22.940095313519123
0.000277778,0.003240741,0.001018519,0.000277778,20.39174400068805
0.001759259,0.003981481,0.004722222,0.000277778,22.10330679249637
0.003240741,0.004722222,0.001759259,0.000277778,22.291364994849573
0.006203704,0.003240741,0.000277778,0.000277778,32.07025290154979
0.006944444,0.004722222,0.003240741,0.000277778,24.161198171709657
0.004722222,0.003240741,0.003981481,0.000277778,40.54449335705249
0.006944444,0.001759259,0.006944444,0.000277778,118.9279451421753
0.003981481,0.006944444,0.006944444,0.000277778,29.02669732817685
0.001759259,0.006944444,0.000277778,0.000277778,50.384055904636625
0.005462963,0.006944444,0.006203704,0.000277778,26.274962098376818
0.003240741,0.005462963,0.004722222,0.000277778,23.993893214075797
0.004722222,0.003240741,0.001759259,0.000277778,30.757459596483386
0.006203704,0.003981481,0.006203704,0.000277778,42.85684945716275
0.006944444,0.000277778,0.001018519,0.000277778,156.71160542908274
0.006203704,0.000277778,0.004722222,0.000277778,177.63490494361758
0.006944444,0.004722222,0.000277778,0.000277778,17.679693844268513
0.000277778,0.003981481,0.006203704,0.000277778,23.199494602053164
0.003240741,0.000277778,0.004722222,0.000277778,145.1929088277766
0.0025,0.000277778,0.003981481,0.000277778,131.29986077816102
0.0025,0.0025,0.001759259,0.000277778,33.1667299325527
0.000277778,0.003240741,0.006203704,0.000277778,28.48224611907426
0.000277778,0.006203704,0.000277778,0.000277778,50.82454948758368
0.000277778,0.004722222,0.005462963,0.000277778,25.796389859395276
0.000277778,0.006944444,0.006944444,0.000277778,40.31471773133376
0.001018519,0.000277778,0.003981481,0.000277778,115.18373899097787
0.004722222,0.005462963,0.004722222,0.000277778,21.58208057556658
0.006203704,0.006203704,0.003240741,0.000277778,23.11132038185815
0.0025,0.0025,0.003981481,0.000277778,44.22146347800299
0.006203704,0.003981481,0.005462963,0.000277778,39.84862924130721
0.003240741,0.006944444,0.004722222,0.000277778,34.8516994032243
0.0025,0.006203704,0.001759259,0.000277778,38.00200707107069
0.005462963,0.0025,0.006944444,0.000277778,79.72332633595215
0.0025,0.000277778,0.003240741,0.000277778,125.49306494628036
0.0025,0.0025,0.004722222,0.000277778,48.0044931864104
0.004722222,0.006944444,0.001759259,0.000277778,35.918672290508766
0.006203704,0.001759259,0.0025,0.000277778,86.14569093869068
0.004722222,0.003981481,0.006944444,0.000277778,38.77710171535182
0.001759259,0.006203704,0.006203704,0.000277778,31.283124038700407
0.006203704,0.0025,0.000277778,0.000277778,49.48567155470937
0.005462963,0.000277778,0.005462963,0.000277778,175.32563790242602
0.004722222,0.006203704,0.004722222,0.000277778,25.068172325100022
0.001018519,0.001018519,0.000277778,0.000277778,55.305452176562085
0.0025,0.001759259,0.003981481,0.000277778,65.5583961057032
0.006944444,0.003240741,0.000277778,0.000277778,36.162478965632545
0.006944444,0.005462963,0.003981481,0.000277778,20.91855631251883
0.001018519,0.0025,0.006203704,0.000277778,46.118983147760446
0.006203704,0.0025,0.006944444,0.000277778,84.88564083471283
0.005462963,0.0025,0.001759259,0.000277778,52.241547845569585
0.006203704,0.006203704,0.000277778,0.000277778,27.732663598577346
0.005462963,0.001018519,0.001018519,0.000277778,101.29530216630701
0.005462963,0.0025,0.003981481,0.000277778,63.970892129109416
0.001018519,0.006944444,0.006203704,0.000277778,39.315053513745625
